,/model.1/conv/Conv,/model.16/cv1/conv/Conv,/model.17/conv/Conv,/model.2/cv2/conv/Conv,/model.23/proto/cv1/conv/Conv,/model.23/proto/cv2/conv/Conv,/model.23/proto/upsample/ConvTranspose,/model.3/conv/Conv,/model.4/cv2/conv/Conv,/model.5/conv/Conv,Error
0,1.0,1.0,1.0,1.0,1.0,1.0,1.0,1.0,1.0,1.0,0.32095973938703537
1,0.0,1.0,1.0,1.0,0.0,0.0,1.0,1.0,0.0,0.0,0.07171349041163921
2,1.0,0.0,0.0,1.0,0.0,0.0,1.0,1.0,0.0,0.0,0.309377983212471
3,1.0,1.0,1.0,1.0,1.0,0.0,0.0,1.0,0.0,0.0,0.31629766523838043
4,0.0,0.0,1.0,0.0,0.0,0.0,1.0,0.0,1.0,0.0,0.030653255991637707
5,0.0,1.0,0.0,0.0,0.0,0.0,0.0,1.0,1.0,1.0,0.058479201048612595
6,0.0,1.0,0.0,1.0,1.0,0.0,1.0,0.0,0.0,1.0,0.06709859147667885
7,0.0,1.0,0.0,0.0,0.0,1.0,0.0,1.0,0.0,1.0,0.05482540279626846
8,1.0,1.0,0.0,0.0,1.0,1.0,1.0,0.0,0.0,0.0,0.31017401069402695
9,0.0,1.0,1.0,1.0,0.0,1.0,1.0,0.0,0.0,1.0,0.06714477390050888
10,1.0,1.0,1.0,1.0,1.0,1.0,0.0,0.0,1.0,1.0,0.3164607360959053
11,0.0,1.0,1.0,1.0,1.0,0.0,1.0,1.0,0.0,0.0,0.07445802167057991
12,0.0,0.0,0.0,1.0,1.0,1.0,1.0,1.0,0.0,0.0,0.05950501933693886
13,1.0,0.0,1.0,0.0,1.0,1.0,0.0,1.0,0.0,1.0,0.31132547557353973
14,1.0,0.0,0.0,0.0,1.0,1.0,1.0,1.0,1.0,1.0,0.3127129003405571
15,1.0,0.0,0.0,0.0,0.0,1.0,1.0,0.0,1.0,1.0,0.3088409975171089
16,1.0,0.0,0.0,1.0,0.0,1.0,1.0,1.0,0.0,1.0,0.31148719787597656
17,0.0,1.0,0.0,0.0,1.0,1.0,1.0,0.0,1.0,1.0,0.05794001929461956
18,0.0,0.0,1.0,1.0,0.0,0.0,0.0,0.0,1.0,0.0,0.05388534441590309
19,0.0,1.0,1.0,0.0,1.0,0.0,1.0,0.0,1.0,0.0,0.0538982767611742
20,1.0,0.0,1.0,0.0,0.0,1.0,1.0,0.0,0.0,1.0,0.30702514946460724
21,1.0,1.0,0.0,0.0,1.0,1.0,0.0,1.0,0.0,1.0,0.31415921449661255
22,0.0,0.0,1.0,1.0,1.0,0.0,1.0,1.0,0.0,0.0,0.059149425476789474
23,0.0,0.0,0.0,0.0,1.0,0.0,1.0,1.0,0.0,1.0,0.03992678225040436
24,1.0,0.0,0.0,0.0,0.0,0.0,0.0,1.0,1.0,0.0,0.30893944948911667
25,0.0,1.0,0.0,1.0,1.0,1.0,1.0,0.0,0.0,0.0,0.0660983994603157
26,1.0,0.0,0.0,0.0,0.0,0.0,0.0,0.0,0.0,0.0,0.3037254363298416
27,1.0,0.0,1.0,1.0,0.0,1.0,1.0,1.0,0.0,1.0,0.31277816742658615
28,1.0,1.0,1.0,1.0,0.0,1.0,1.0,1.0,0.0,1.0,0.3165270835161209
29,1.0,0.0,0.0,0.0,1.0,0.0,0.0,0.0,1.0,1.0,0.3100638687610626
30,0.0,1.0,1.0,0.0,1.0,1.0,1.0,1.0,1.0,0.0,0.061211736872792244
31,0.0,1.0,0.0,0.0,1.0,0.0,1.0,1.0,1.0,0.0,0.05879848077893257
32,1.0,1.0,1.0,0.0,1.0,0.0,1.0,0.0,0.0,1.0,0.3115847408771515
33,1.0,0.0,1.0,1.0,0.0,1.0,1.0,1.0,1.0,1.0,0.31590595841407776
34,1.0,0.0,0.0,0.0,1.0,1.0,1.0,0.0,0.0,1.0,0.30785447359085083
35,1.0,1.0,1.0,0.0,1.0,1.0,1.0,0.0,0.0,0.0,0.31073813885450363
36,1.0,1.0,0.0,0.0,0.0,0.0,1.0,1.0,1.0,0.0,0.3135601505637169
37,1.0,1.0,1.0,0.0,1.0,0.0,0.0,1.0,0.0,0.0,0.3130219355225563
38,1.0,0.0,0.0,1.0,0.0,0.0,0.0,1.0,0.0,1.0,0.3106428161263466
39,0.0,0.0,0.0,0.0,1.0,0.0,1.0,0.0,0.0,0.0,0.01769389444962144
40,0.0,1.0,0.0,0.0,1.0,1.0,1.0,1.0,0.0,1.0,0.05836157873272896
41,0.0,1.0,0.0,1.0,0.0,0.0,0.0,1.0,1.0,0.0,0.07605855539441109
42,1.0,1.0,1.0,0.0,1.0,0.0,0.0,1.0,0.0,1.0,0.31439606845378876
43,1.0,0.0,0.0,1.0,1.0,0.0,1.0,1.0,1.0,0.0,0.3143807649612427
44,1.0,1.0,1.0,0.0,0.0,0.0,0.0,0.0,0.0,0.0,0.3086450546979904
45,1.0,0.0,1.0,1.0,0.0,0.0,1.0,1.0,0.0,1.0,0.31223873049020767
46,0.0,1.0,0.0,1.0,1.0,1.0,0.0,1.0,1.0,0.0,0.08063874021172523
47,0.0,0.0,1.0,0.0,0.0,0.0,1.0,1.0,0.0,0.0,0.029812307097017765
48,1.0,0.0,1.0,0.0,1.0,0.0,1.0,1.0,1.0,1.0,0.31295763701200485
49,0.0,1.0,0.0,0.0,0.0,0.0,1.0,1.0,0.0,0.0,0.04933357797563076
50,0.0,0.0,1.0,1.0,0.0,0.0,1.0,0.0,1.0,1.0,0.057795099914073944
51,1.0,0.0,0.0,0.0,1.0,1.0,1.0,1.0,1.0,0.0,0.31162910908460617
52,1.0,0.0,0.0,0.0,0.0,0.0,0.0,1.0,0.0,0.0,0.3066532835364342
53,1.0,0.0,1.0,1.0,0.0,1.0,1.0,0.0,0.0,0.0,0.30722012370824814
54,1.0,0.0,1.0,0.0,1.0,1.0,1.0,1.0,0.0,0.0,0.3100508451461792
55,1.0,1.0,1.0,1.0,0.0,1.0,0.0,1.0,1.0,1.0,0.3193923979997635
56,1.0,0.0,1.0,0.0,0.0,0.0,0.0,1.0,0.0,1.0,0.3092220276594162
57,1.0,1.0,0.0,0.0,1.0,1.0,0.0,0.0,1.0,0.0,0.31257402896881104
58,1.0,0.0,0.0,1.0,0.0,1.0,1.0,0.0,0.0,0.0,0.3059847205877304
59,1.0,1.0,0.0,1.0,0.0,0.0,1.0,1.0,1.0,0.0,0.3165919780731201
60,1.0,0.0,1.0,1.0,1.0,1.0,0.0,0.0,1.0,0.0,0.3113243579864502
61,1.0,1.0,0.0,1.0,0.0,1.0,0.0,0.0,0.0,0.0,0.3098989501595497
62,1.0,0.0,1.0,0.0,1.0,1.0,0.0,0.0,0.0,0.0,0.3070383295416832
63,0.0,0.0,0.0,1.0,0.0,0.0,0.0,0.0,0.0,0.0,0.04350229352712631
64,0.0,0.0,1.0,1.0,0.0,1.0,0.0,0.0,0.0,0.0,0.04832424595952034
65,0.0,1.0,0.0,1.0,1.0,0.0,1.0,1.0,0.0,1.0,0.07350408472120762
66,1.0,0.0,0.0,1.0,0.0,0.0,1.0,0.0,0.0,0.0,0.30541934072971344
67,0.0,1.0,0.0,0.0,0.0,1.0,1.0,0.0,0.0,1.0,0.04803570732474327
68,0.0,0.0,1.0,0.0,0.0,1.0,1.0,0.0,0.0,0.0,0.01753669884055853
69,1.0,1.0,1.0,0.0,0.0,1.0,0.0,1.0,0.0,1.0,0.3133586198091507
70,0.0,1.0,0.0,0.0,0.0,0.0,0.0,0.0,0.0,1.0,0.04551186040043831
71,1.0,0.0,0.0,1.0,1.0,0.0,0.0,0.0,1.0,1.0,0.3118109032511711
72,0.0,0.0,1.0,0.0,0.0,1.0,0.0,1.0,1.0,1.0,0.045432547107338905
73,1.0,0.0,0.0,1.0,1.0,1.0,0.0,1.0,0.0,0.0,0.3117150813341141
74,1.0,0.0,1.0,0.0,0.0,1.0,1.0,0.0,1.0,0.0,0.308307409286499
75,0.0,0.0,0.0,1.0,1.0,0.0,1.0,1.0,1.0,0.0,0.06594626605510712
76,1.0,0.0,0.0,1.0,0.0,0.0,0.0,0.0,1.0,0.0,0.30796878039836884
77,0.0,1.0,1.0,1.0,1.0,1.0,1.0,0.0,0.0,1.0,0.06966297701001167
78,1.0,1.0,1.0,0.0,1.0,1.0,0.0,0.0,1.0,0.0,0.3132941871881485
79,1.0,0.0,1.0,1.0,0.0,1.0,0.0,1.0,1.0,0.0,0.31390245258808136
80,0.0,0.0,1.0,0.0,0.0,0.0,0.0,1.0,0.0,1.0,0.035390486009418964
81,0.0,1.0,1.0,1.0,0.0,0.0,0.0,0.0,0.0,0.0,0.06239069066941738
82,0.0,0.0,1.0,1.0,1.0,1.0,1.0,0.0,0.0,1.0,0.055759694427251816
83,0.0,0.0,0.0,1.0,0.0,0.0,0.0,1.0,0.0,0.0,0.05281297117471695
84,1.0,0.0,0.0,1.0,0.0,1.0,1.0,0.0,1.0,0.0,0.30883321911096573
85,1.0,1.0,0.0,0.0,1.0,0.0,0.0,1.0,0.0,0.0,0.3123471811413765
86,1.0,1.0,1.0,1.0,0.0,1.0,1.0,1.0,1.0,1.0,0.31964724510908127
87,1.0,1.0,0.0,0.0,0.0,1.0,0.0,1.0,1.0,1.0,0.31475400924682617
88,1.0,1.0,0.0,1.0,1.0,0.0,0.0,0.0,1.0,0.0,0.3136558160185814
89,0.0,1.0,1.0,0.0,0.0,0.0,0.0,0.0,1.0,0.0,0.049804771319031715
90,1.0,1.0,0.0,0.0,1.0,0.0,1.0,0.0,1.0,1.0,0.31361719220876694
91,1.0,0.0,0.0,1.0,1.0,0.0,0.0,1.0,1.0,1.0,0.3158384710550308
92,0.0,1.0,1.0,1.0,1.0,0.0,0.0,1.0,1.0,1.0,0.0820242315530777
93,1.0,0.0,1.0,0.0,0.0,0.0,0.0,1.0,0.0,0.0,0.3078036233782768
94,1.0,0.0,1.0,0.0,1.0,1.0,1.0,0.0,1.0,0.0,0.30973319709300995
95,0.0,0.0,1.0,0.0,0.0,1.0,0.0,0.0,1.0,1.0,0.0385068329051137
96,0.0,1.0,1.0,1.0,1.0,1.0,1.0,0.0,0.0,0.0,0.06716232001781464
97,0.0,0.0,0.0,1.0,0.0,0.0,0.0,0.0,0.0,1.0,0.047508785501122475
98,0.0,0.0,0.0,1.0,1.0,0.0,0.0,0.0,1.0,1.0,0.05973336286842823
99,0.0,0.0,1.0,1.0,0.0,1.0,0.0,0.0,1.0,0.0,0.055984338745474815
100,1.0,1.0,0.0,1.0,1.0,1.0,1.0,0.0,0.0,1.0,0.31335029006004333
101,1.0,1.0,0.0,1.0,0.0,1.0,1.0,0.0,1.0,0.0,0.3124735578894615
102,1.0,1.0,0.0,0.0,1.0,0.0,0.0,0.0,0.0,0.0,0.30964209884405136
103,0.0,0.0,1.0,0.0,0.0,0.0,0.0,1.0,1.0,1.0,0.043041753582656384
104,0.0,0.0,1.0,1.0,1.0,1.0,1.0,0.0,0.0,0.0,0.05241752602159977
105,0.0,0.0,1.0,1.0,0.0,0.0,1.0,1.0,0.0,1.0,0.056758422404527664
106,1.0,0.0,1.0,1.0,0.0,0.0,1.0,1.0,0.0,0.0,0.31069234013557434
107,1.0,1.0,1.0,0.0,0.0,1.0,1.0,1.0,0.0,1.0,0.31363755464553833
108,0.0,1.0,1.0,1.0,1.0,1.0,0.0,1.0,0.0,0.0,0.0755754616111517
109,0.0,1.0,0.0,0.0,1.0,0.0,0.0,0.0,1.0,1.0,0.05622155964374542
110,1.0,0.0,0.0,1.0,1.0,0.0,0.0,0.0,0.0,0.0,0.30723125487565994
111,0.0,0.0,1.0,0.0,1.0,1.0,0.0,1.0,1.0,0.0,0.045136746019124985
112,0.0,0.0,0.0,0.0,0.0,0.0,1.0,1.0,1.0,0.0,0.03646690957248211
113,0.0,1.0,1.0,1.0,1.0,1.0,0.0,1.0,0.0,1.0,0.0758118536323309
114,0.0,1.0,1.0,1.0,0.0,0.0,0.0,0.0,1.0,1.0,0.07137176021933556
115,0.0,1.0,0.0,0.0,0.0,0.0,1.0,0.0,0.0,1.0,0.04607976786792278
116,1.0,0.0,1.0,0.0,1.0,0.0,0.0,1.0,1.0,1.0,0.31282927840948105
117,0.0,0.0,1.0,1.0,0.0,1.0,1.0,0.0,0.0,1.0,0.0524511244148016
118,1.0,1.0,1.0,0.0,0.0,0.0,1.0,0.0,0.0,1.0,0.31023988127708435
119,0.0,1.0,0.0,1.0,0.0,0.0,1.0,0.0,0.0,1.0,0.06386069022119045
120,1.0,0.0,1.0,0.0,1.0,1.0,1.0,1.0,1.0,1.0,0.3134002611041069
121,0.0,1.0,0.0,0.0,0.0,0.0,0.0,0.0,0.0,0.0,0.039988202042877674
122,0.0,1.0,0.0,0.0,1.0,1.0,1.0,1.0,1.0,0.0,0.06020641140639782
123,1.0,1.0,1.0,0.0,1.0,0.0,0.0,1.0,1.0,0.0,0.31577158719301224
124,0.0,1.0,0.0,1.0,0.0,1.0,1.0,0.0,0.0,1.0,0.0654232744127512
125,1.0,1.0,1.0,1.0,1.0,0.0,1.0,1.0,1.0,0.0,0.3189971596002579
126,0.0,0.0,0.0,1.0,1.0,1.0,0.0,1.0,1.0,0.0,0.06708546169102192
127,1.0,0.0,1.0,1.0,1.0,1.0,1.0,1.0,0.0,0.0,0.31264257431030273
128,1.0,1.0,1.0,0.0,1.0,0.0,1.0,1.0,1.0,0.0,0.3158820569515228
129,1.0,0.0,0.0,0.0,0.0,1.0,1.0,0.0,1.0,0.0,0.30716612190008163
130,1.0,1.0,1.0,0.0,0.0,1.0,1.0,0.0,1.0,0.0,0.31202080845832825
131,0.0,0.0,1.0,0.0,0.0,0.0,1.0,1.0,0.0,1.0,0.036310985684394836
132,1.0,0.0,1.0,1.0,1.0,1.0,0.0,0.0,1.0,1.0,0.31297319382429123
133,1.0,1.0,1.0,0.0,0.0,0.0,1.0,1.0,1.0,1.0,0.31542153656482697
134,0.0,0.0,1.0,1.0,1.0,1.0,0.0,0.0,1.0,0.0,0.05965285561978817
135,0.0,0.0,1.0,0.0,0.0,0.0,1.0,1.0,1.0,1.0,0.04373265616595745
136,0.0,1.0,1.0,0.0,1.0,1.0,1.0,1.0,0.0,0.0,0.055630577728152275
137,1.0,1.0,1.0,1.0,1.0,0.0,0.0,1.0,0.0,1.0,0.31727587431669235
138,0.0,1.0,1.0,1.0,0.0,0.0,0.0,1.0,0.0,1.0,0.07170236483216286
139,0.0,0.0,0.0,1.0,0.0,0.0,0.0,1.0,1.0,1.0,0.06383036449551582
140,0.0,1.0,0.0,0.0,0.0,0.0,0.0,1.0,1.0,0.0,0.0546101164072752
141,1.0,0.0,0.0,1.0,1.0,1.0,0.0,0.0,1.0,0.0,0.3105756938457489
142,0.0,0.0,1.0,1.0,0.0,1.0,1.0,0.0,1.0,1.0,0.059635015204548836
143,1.0,0.0,0.0,0.0,1.0,0.0,0.0,1.0,1.0,1.0,0.31214191764593124
144,0.0,0.0,1.0,0.0,1.0,1.0,0.0,0.0,0.0,0.0,0.022552017122507095
145,0.0,0.0,0.0,1.0,0.0,1.0,0.0,0.0,1.0,1.0,0.05729468911886215
146,0.0,1.0,0.0,0.0,0.0,1.0,1.0,1.0,1.0,1.0,0.06048154458403587
147,1.0,0.0,1.0,0.0,1.0,1.0,0.0,1.0,1.0,1.0,0.3133072331547737
148,0.0,0.0,0.0,1.0,0.0,1.0,0.0,0.0,0.0,0.0,0.04605146870017052
149,1.0,1.0,1.0,1.0,1.0,1.0,1.0,0.0,0.0,0.0,0.3125918358564377
150,1.0,0.0,1.0,0.0,1.0,1.0,1.0,0.0,0.0,0.0,0.30717215687036514
151,0.0,0.0,0.0,1.0,1.0,1.0,0.0,0.0,1.0,1.0,0.06127362325787544
152,0.0,0.0,1.0,1.0,1.0,1.0,0.0,0.0,0.0,1.0,0.05546804144978523
153,1.0,1.0,1.0,0.0,1.0,0.0,1.0,0.0,1.0,0.0,0.312930591404438
154,1.0,0.0,0.0,0.0,0.0,1.0,0.0,0.0,0.0,0.0,0.3042989820241928
155,1.0,1.0,1.0,1.0,0.0,1.0,0.0,0.0,0.0,1.0,0.31245389580726624
156,1.0,1.0,1.0,0.0,1.0,0.0,1.0,1.0,0.0,0.0,0.31313227117061615
157,0.0,0.0,1.0,0.0,1.0,0.0,1.0,0.0,1.0,0.0,0.03618774190545082
158,1.0,0.0,0.0,0.0,0.0,0.0,0.0,0.0,1.0,0.0,0.306346133351326
159,0.0,1.0,0.0,0.0,1.0,1.0,0.0,1.0,1.0,0.0,0.06002981215715408
160,1.0,0.0,1.0,1.0,1.0,0.0,0.0,0.0,1.0,1.0,0.31247953325510025
161,1.0,1.0,1.0,0.0,1.0,0.0,1.0,1.0,0.0,1.0,0.31449174880981445
162,0.0,0.0,0.0,1.0,1.0,1.0,1.0,1.0,1.0,0.0,0.06731618568301201
163,1.0,0.0,1.0,1.0,1.0,1.0,1.0,1.0,1.0,1.0,0.3172556757926941
164,0.0,1.0,1.0,0.0,1.0,1.0,1.0,1.0,1.0,1.0,0.0646191518753767
165,1.0,0.0,0.0,1.0,1.0,0.0,1.0,1.0,0.0,0.0,0.31140610575675964
166,0.0,0.0,1.0,1.0,1.0,1.0,1.0,1.0,1.0,1.0,0.07100678980350494
167,1.0,0.0,0.0,0.0,1.0,0.0,0.0,1.0,1.0,0.0,0.31101852655410767
168,1.0,0.0,0.0,0.0,1.0,0.0,1.0,1.0,1.0,0.0,0.3111737444996834
169,0.0,0.0,1.0,1.0,0.0,1.0,0.0,1.0,1.0,0.0,0.06493907235562801
170,0.0,0.0,0.0,0.0,1.0,1.0,0.0,1.0,1.0,1.0,0.04824049398303032
171,1.0,0.0,1.0,1.0,1.0,0.0,0.0,1.0,0.0,0.0,0.3120237737894058
172,0.0,0.0,0.0,1.0,1.0,0.0,1.0,1.0,0.0,0.0,0.05798405408859253
173,1.0,0.0,1.0,1.0,1.0,1.0,1.0,0.0,1.0,1.0,0.31308846920728683
174,1.0,1.0,1.0,1.0,0.0,1.0,1.0,0.0,1.0,0.0,0.3135550916194916
175,0.0,1.0,0.0,0.0,0.0,1.0,0.0,0.0,1.0,1.0,0.05426502227783203
176,0.0,0.0,1.0,0.0,0.0,1.0,0.0,0.0,0.0,0.0,0.01659983955323696
177,1.0,1.0,1.0,1.0,0.0,1.0,0.0,0.0,1.0,1.0,0.3150116577744484
178,0.0,0.0,0.0,0.0,1.0,1.0,1.0,1.0,1.0,0.0,0.04407172650098801
179,0.0,0.0,0.0,0.0,1.0,1.0,0.0,0.0,0.0,0.0,0.019561291206628084
180,0.0,1.0,1.0,0.0,0.0,1.0,1.0,1.0,0.0,0.0,0.05256672017276287
181,0.0,0.0,1.0,1.0,1.0,0.0,0.0,0.0,0.0,0.0,0.0503988079726696
182,0.0,1.0,0.0,1.0,0.0,0.0,0.0,1.0,1.0,1.0,0.07783617824316025
183,1.0,1.0,0.0,1.0,1.0,1.0,0.0,1.0,1.0,0.0,0.3186322748661041
184,0.0,1.0,0.0,1.0,0.0,0.0,1.0,0.0,0.0,0.0,0.06119651906192303
185,0.0,0.0,1.0,1.0,0.0,1.0,1.0,1.0,1.0,1.0,0.0679246336221695
186,1.0,0.0,0.0,1.0,0.0,0.0,0.0,0.0,1.0,1.0,0.309736967086792
187,1.0,0.0,1.0,0.0,0.0,1.0,1.0,0.0,0.0,0.0,0.3057148829102516
188,0.0,1.0,1.0,0.0,0.0,1.0,0.0,0.0,1.0,0.0,0.051791962236166
189,1.0,0.0,0.0,0.0,1.0,1.0,1.0,1.0,0.0,0.0,0.3093723803758621
190,0.0,1.0,1.0,1.0,1.0,0.0,1.0,0.0,0.0,0.0,0.06579932011663914
191,1.0,1.0,1.0,1.0,0.0,0.0,1.0,0.0,0.0,1.0,0.3122486025094986
192,0.0,0.0,0.0,1.0,1.0,1.0,0.0,1.0,1.0,1.0,0.06950383633375168
193,1.0,0.0,1.0,0.0,1.0,0.0,0.0,0.0,0.0,0.0,0.30654989928007126
194,0.0,1.0,1.0,0.0,0.0,0.0,1.0,0.0,0.0,0.0,0.042322199791669846
195,1.0,1.0,0.0,1.0,0.0,0.0,1.0,0.0,0.0,0.0,0.30969200283288956
196,0.0,1.0,0.0,1.0,0.0,1.0,1.0,1.0,0.0,1.0,0.07222766987979412
197,1.0,1.0,1.0,0.0,1.0,0.0,1.0,1.0,1.0,1.0,0.3167281672358513
198,1.0,0.0,0.0,0.0,0.0,0.0,0.0,1.0,0.0,1.0,0.3080912083387375
199,0.0,1.0,1.0,1.0,1.0,0.0,0.0,1.0,0.0,0.0,0.07424007169902325
200,0.0,0.0,1.0,1.0,1.0,1.0,0.0,1.0,1.0,1.0,0.0707918293774128
201,0.0,1.0,0.0,0.0,1.0,1.0,1.0,0.0,0.0,1.0,0.051505958661437035
202,1.0,0.0,0.0,0.0,0.0,0.0,1.0,0.0,0.0,0.0,0.3040508031845093
203,0.0,1.0,1.0,0.0,0.0,1.0,1.0,1.0,1.0,1.0,0.06168161518871784
204,1.0,0.0,0.0,1.0,1.0,0.0,0.0,1.0,0.0,1.0,0.31276579946279526
205,0.0,0.0,1.0,0.0,0.0,0.0,0.0,1.0,1.0,0.0,0.038016511127352715
206,0.0,0.0,0.0,1.0,1.0,1.0,1.0,0.0,1.0,0.0,0.058639541268348694
207,1.0,1.0,1.0,0.0,0.0,1.0,0.0,1.0,1.0,0.0,0.31470248103141785
208,1.0,0.0,0.0,0.0,0.0,0.0,1.0,1.0,0.0,1.0,0.30841436237096786
209,1.0,1.0,1.0,1.0,0.0,1.0,1.0,1.0,1.0,0.0,0.31811054795980453
210,0.0,0.0,0.0,1.0,1.0,1.0,1.0,0.0,1.0,1.0,0.06150794215500355
211,0.0,1.0,0.0,0.0,1.0,0.0,1.0,1.0,0.0,1.0,0.05693943053483963
212,0.0,0.0,1.0,1.0,0.0,1.0,0.0,1.0,0.0,1.0,0.05816857889294624
213,1.0,0.0,0.0,0.0,0.0,1.0,1.0,1.0,1.0,1.0,0.3109161853790283
214,1.0,1.0,0.0,1.0,0.0,1.0,1.0,1.0,0.0,0.0,0.3142760246992111
215,0.0,0.0,0.0,1.0,0.0,0.0,1.0,0.0,1.0,0.0,0.0523621030151844
216,1.0,1.0,1.0,1.0,1.0,0.0,1.0,0.0,1.0,1.0,0.3161182329058647
217,1.0,0.0,0.0,1.0,1.0,1.0,0.0,0.0,0.0,1.0,0.30941104143857956
218,1.0,1.0,0.0,1.0,1.0,1.0,0.0,1.0,1.0,1.0,0.3201552629470825
219,1.0,0.0,1.0,1.0,1.0,0.0,1.0,0.0,1.0,0.0,0.31094840914011
220,1.0,1.0,1.0,0.0,0.0,1.0,0.0,1.0,1.0,1.0,0.3156472519040108
221,0.0,0.0,0.0,0.0,0.0,1.0,0.0,0.0,1.0,1.0,0.03631340991705656
222,0.0,0.0,1.0,0.0,0.0,0.0,0.0,0.0,0.0,0.0,0.010838204296305776
223,0.0,0.0,0.0,0.0,1.0,0.0,0.0,0.0,0.0,0.0,0.01712734578177333
224,1.0,0.0,1.0,1.0,1.0,1.0,1.0,0.0,0.0,0.0,0.3085584491491318
225,0.0,0.0,0.0,0.0,1.0,0.0,0.0,1.0,1.0,1.0,0.04651563987135887
226,1.0,1.0,0.0,1.0,0.0,1.0,1.0,1.0,0.0,1.0,0.3153984919190407
227,0.0,0.0,0.0,1.0,1.0,1.0,1.0,0.0,0.0,1.0,0.0544329434633255
228,0.0,1.0,1.0,0.0,0.0,0.0,1.0,0.0,1.0,0.0,0.05030462518334389
229,1.0,1.0,1.0,1.0,0.0,1.0,0.0,1.0,0.0,1.0,0.31626515835523605
230,1.0,0.0,0.0,0.0,0.0,0.0,1.0,0.0,1.0,0.0,0.3066386356949806
231,1.0,1.0,0.0,1.0,0.0,1.0,1.0,0.0,0.0,0.0,0.3101934343576431
232,1.0,0.0,0.0,0.0,0.0,1.0,1.0,0.0,0.0,1.0,0.3059416636824608
233,0.0,0.0,0.0,0.0,0.0,0.0,1.0,1.0,0.0,1.0,0.03417439665645361
234,1.0,1.0,0.0,1.0,0.0,0.0,0.0,1.0,1.0,1.0,0.31778687983751297
235,1.0,0.0,0.0,0.0,0.0,0.0,1.0,1.0,1.0,1.0,0.310391366481781
236,1.0,1.0,0.0,1.0,1.0,1.0,1.0,0.0,1.0,1.0,0.3159375339746475
237,1.0,0.0,0.0,1.0,0.0,0.0,1.0,0.0,0.0,1.0,0.30708047747612
238,0.0,0.0,0.0,0.0,0.0,1.0,0.0,1.0,1.0,1.0,0.04351923428475857
239,0.0,0.0,1.0,0.0,1.0,1.0,1.0,1.0,0.0,1.0,0.04279494844377041
240,0.0,0.0,1.0,0.0,0.0,0.0,0.0,1.0,0.0,0.0,0.02869795821607113
241,0.0,0.0,1.0,1.0,1.0,0.0,0.0,0.0,1.0,1.0,0.061100782826542854
242,1.0,1.0,1.0,0.0,1.0,1.0,1.0,1.0,0.0,0.0,0.3135371431708336
243,1.0,0.0,0.0,1.0,0.0,1.0,1.0,0.0,1.0,1.0,0.31057728081941605
244,0.0,0.0,1.0,1.0,0.0,1.0,1.0,0.0,1.0,0.0,0.05643628351390362
245,1.0,0.0,1.0,1.0,1.0,0.0,0.0,1.0,1.0,1.0,0.31666675209999084
246,1.0,1.0,1.0,0.0,0.0,1.0,1.0,0.0,0.0,0.0,0.3094630092382431
247,0.0,1.0,1.0,0.0,1.0,1.0,0.0,0.0,1.0,1.0,0.05899782478809357
248,0.0,1.0,0.0,0.0,1.0,0.0,0.0,1.0,0.0,1.0,0.05665571242570877
249,1.0,0.0,1.0,1.0,1.0,0.0,0.0,1.0,0.0,1.0,0.3135554865002632
250,0.0,1.0,0.0,0.0,0.0,0.0,0.0,0.0,1.0,1.0,0.05237220227718353
251,0.0,0.0,0.0,0.0,1.0,1.0,0.0,0.0,0.0,1.0,0.030935543589293957
252,0.0,0.0,1.0,1.0,1.0,0.0,1.0,0.0,0.0,0.0,0.05078073590993881
253,0.0,1.0,0.0,0.0,1.0,0.0,1.0,0.0,1.0,1.0,0.05647924728691578
254,0.0,0.0,1.0,1.0,1.0,1.0,0.0,1.0,0.0,0.0,0.06042220629751682
255,1.0,1.0,0.0,1.0,0.0,0.0,1.0,1.0,1.0,1.0,0.318044975399971
256,1.0,0.0,1.0,1.0,0.0,0.0,0.0,0.0,0.0,1.0,0.3080238252878189
257,1.0,1.0,0.0,0.0,0.0,0.0,1.0,1.0,1.0,1.0,0.31453773379325867
258,0.0,0.0,0.0,1.0,0.0,1.0,0.0,1.0,1.0,1.0,0.06568809598684311
259,0.0,0.0,1.0,0.0,0.0,0.0,0.0,0.0,1.0,0.0,0.029614798724651337
260,1.0,0.0,0.0,1.0,0.0,1.0,0.0,0.0,0.0,0.0,0.3056899532675743
261,0.0,0.0,1.0,1.0,0.0,0.0,1.0,1.0,1.0,1.0,0.06627532839775085
262,1.0,0.0,1.0,1.0,0.0,0.0,0.0,1.0,1.0,0.0,0.3133246600627899
263,0.0,0.0,0.0,1.0,0.0,0.0,1.0,1.0,1.0,0.0,0.06167339347302914
264,0.0,1.0,1.0,1.0,1.0,1.0,0.0,0.0,0.0,0.0,0.06697601452469826
265,1.0,0.0,1.0,1.0,1.0,0.0,1.0,0.0,1.0,1.0,0.3126073181629181
266,1.0,1.0,1.0,0.0,1.0,1.0,0.0,1.0,0.0,1.0,0.3148396164178848
267,0.0,1.0,1.0,0.0,0.0,1.0,1.0,0.0,1.0,0.0,0.05213587172329426
268,1.0,0.0,1.0,1.0,1.0,1.0,0.0,1.0,0.0,0.0,0.31249532103538513
269,1.0,1.0,0.0,1.0,1.0,0.0,0.0,0.0,1.0,1.0,0.31537170708179474
270,0.0,1.0,0.0,1.0,1.0,1.0,0.0,0.0,1.0,1.0,0.07446582242846489
271,1.0,0.0,0.0,0.0,0.0,1.0,0.0,0.0,1.0,1.0,0.3085538372397423
272,0.0,0.0,1.0,0.0,1.0,0.0,1.0,1.0,1.0,1.0,0.04818679951131344
273,0.0,0.0,1.0,0.0,1.0,0.0,0.0,0.0,1.0,0.0,0.03573208302259445
274,1.0,0.0,0.0,0.0,1.0,0.0,1.0,0.0,1.0,1.0,0.3101952150464058
275,0.0,0.0,1.0,1.0,1.0,0.0,1.0,1.0,0.0,1.0,0.06023838557302952
276,0.0,1.0,1.0,1.0,0.0,1.0,1.0,1.0,0.0,1.0,0.07352126948535442
277,1.0,0.0,0.0,1.0,1.0,1.0,1.0,1.0,0.0,1.0,0.31338317692279816
278,0.0,1.0,0.0,1.0,0.0,1.0,0.0,0.0,1.0,1.0,0.07153170183300972
279,0.0,0.0,1.0,1.0,1.0,0.0,1.0,0.0,0.0,1.0,0.0541631355881691
280,1.0,0.0,0.0,0.0,0.0,1.0,0.0,1.0,1.0,0.0,0.30950940400362015
281,0.0,0.0,0.0,1.0,1.0,1.0,0.0,1.0,0.0,0.0,0.05925683490931988
282,0.0,1.0,0.0,0.0,1.0,1.0,0.0,0.0,0.0,0.0,0.046124279499053955
283,1.0,0.0,0.0,1.0,1.0,0.0,0.0,0.0,1.0,0.0,0.3100739046931267
284,1.0,0.0,1.0,0.0,1.0,1.0,1.0,0.0,1.0,1.0,0.31143229454755783
285,0.0,0.0,1.0,0.0,0.0,1.0,0.0,0.0,1.0,0.0,0.03279409371316433
286,0.0,0.0,0.0,0.0,0.0,0.0,0.0,1.0,1.0,0.0,0.035705823451280594
287,1.0,1.0,1.0,0.0,1.0,1.0,1.0,0.0,1.0,0.0,0.3133862018585205
288,0.0,0.0,1.0,0.0,1.0,0.0,1.0,1.0,1.0,0.0,0.0437112245708704
289,1.0,0.0,1.0,0.0,0.0,1.0,0.0,1.0,0.0,1.0,0.30978304147720337
290,1.0,0.0,1.0,0.0,1.0,1.0,0.0,0.0,0.0,1.0,0.3083847388625145
291,0.0,1.0,0.0,1.0,1.0,1.0,1.0,1.0,1.0,1.0,0.08232418447732925
292,1.0,0.0,1.0,0.0,0.0,1.0,0.0,0.0,0.0,1.0,0.3067397251725197
293,1.0,0.0,1.0,0.0,0.0,0.0,0.0,0.0,0.0,0.0,0.3048411086201668
294,1.0,1.0,1.0,0.0,0.0,0.0,1.0,1.0,0.0,1.0,0.3131776750087738
295,1.0,1.0,1.0,0.0,1.0,0.0,0.0,0.0,0.0,0.0,0.31020622700452805
296,1.0,1.0,0.0,0.0,1.0,1.0,0.0,1.0,0.0,0.0,0.31280048936605453
297,0.0,1.0,0.0,0.0,0.0,1.0,0.0,0.0,0.0,0.0,0.04230153560638428
298,0.0,1.0,0.0,1.0,0.0,0.0,0.0,0.0,1.0,1.0,0.0699661560356617
299,1.0,1.0,0.0,0.0,0.0,1.0,1.0,0.0,1.0,1.0,0.3124062195420265
300,0.0,0.0,0.0,1.0,0.0,1.0,1.0,0.0,0.0,0.0,0.0465257503092289
301,0.0,1.0,1.0,0.0,0.0,1.0,1.0,1.0,0.0,1.0,0.056281572207808495
302,0.0,1.0,1.0,0.0,1.0,0.0,1.0,1.0,1.0,1.0,0.06326765194535255
303,0.0,1.0,0.0,0.0,1.0,0.0,0.0,1.0,1.0,0.0,0.058531615883111954
304,0.0,0.0,0.0,0.0,1.0,0.0,0.0,1.0,0.0,0.0,0.033552815206348896
305,0.0,1.0,1.0,1.0,1.0,1.0,1.0,1.0,0.0,0.0,0.07573045417666435
306,1.0,0.0,1.0,0.0,0.0,0.0,1.0,1.0,0.0,0.0,0.3081422746181488
307,0.0,1.0,1.0,0.0,1.0,1.0,0.0,0.0,0.0,1.0,0.05249298922717571
308,0.0,1.0,1.0,0.0,0.0,1.0,0.0,0.0,0.0,0.0,0.0439841840416193
309,0.0,0.0,1.0,1.0,0.0,0.0,0.0,1.0,0.0,0.0,0.05477889999747276
310,0.0,1.0,1.0,0.0,1.0,1.0,0.0,1.0,0.0,1.0,0.05893648602068424
311,1.0,0.0,0.0,0.0,0.0,1.0,1.0,0.0,0.0,0.0,0.304606631398201
312,0.0,1.0,1.0,1.0,1.0,1.0,0.0,1.0,1.0,0.0,0.08179788291454315
313,1.0,0.0,1.0,0.0,0.0,0.0,1.0,0.0,1.0,0.0,0.30778925865888596
314,1.0,0.0,0.0,1.0,0.0,1.0,1.0,1.0,1.0,1.0,0.3145827427506447
315,0.0,0.0,1.0,0.0,0.0,0.0,1.0,0.0,1.0,1.0,0.036622884683310986
316,0.0,0.0,0.0,1.0,0.0,1.0,0.0,0.0,0.0,1.0,0.049862420186400414
317,1.0,0.0,0.0,1.0,1.0,0.0,1.0,0.0,1.0,1.0,0.31193868815898895
318,1.0,1.0,1.0,1.0,0.0,1.0,0.0,0.0,1.0,0.0,0.3132587894797325
319,0.0,1.0,1.0,1.0,0.0,1.0,1.0,0.0,0.0,0.0,0.06445028819143772
320,0.0,1.0,1.0,1.0,1.0,0.0,0.0,0.0,0.0,0.0,0.06553631834685802
321,1.0,1.0,0.0,1.0,1.0,1.0,0.0,0.0,0.0,1.0,0.31324993073940277
322,1.0,0.0,1.0,1.0,0.0,1.0,0.0,1.0,0.0,0.0,0.3109416216611862
323,0.0,0.0,0.0,0.0,1.0,1.0,0.0,1.0,0.0,1.0,0.041390435770154
324,0.0,0.0,0.0,0.0,1.0,1.0,0.0,1.0,0.0,0.0,0.03558246046304703
325,0.0,0.0,0.0,0.0,0.0,0.0,0.0,0.0,1.0,0.0,0.02682389598339796
326,1.0,1.0,1.0,0.0,1.0,1.0,1.0,1.0,0.0,1.0,0.31492049247026443
327,0.0,1.0,1.0,0.0,1.0,0.0,0.0,0.0,1.0,1.0,0.057468704879283905
328,0.0,1.0,0.0,1.0,1.0,0.0,1.0,1.0,0.0,0.0,0.073418989777565
329,1.0,1.0,1.0,0.0,0.0,1.0,0.0,0.0,0.0,0.0,0.3091796636581421
330,0.0,1.0,0.0,0.0,1.0,0.0,0.0,0.0,1.0,0.0,0.0525463055819273
331,0.0,1.0,0.0,0.0,1.0,0.0,1.0,1.0,0.0,0.0,0.053250594064593315
332,0.0,1.0,0.0,0.0,0.0,1.0,0.0,1.0,0.0,0.0,0.050883322954177856
333,0.0,1.0,1.0,0.0,0.0,0.0,1.0,0.0,1.0,1.0,0.05435420200228691
334,1.0,1.0,0.0,1.0,0.0,0.0,1.0,0.0,0.0,1.0,0.3110959976911545
335,1.0,0.0,1.0,0.0,0.0,0.0,0.0,0.0,0.0,1.0,0.3061803877353668
336,1.0,0.0,1.0,1.0,1.0,0.0,1.0,1.0,0.0,0.0,0.3121863454580307
337,1.0,1.0,1.0,0.0,0.0,1.0,0.0,0.0,1.0,0.0,0.31179051101207733
338,1.0,1.0,0.0,0.0,0.0,0.0,1.0,1.0,0.0,1.0,0.3121970295906067
339,1.0,0.0,1.0,1.0,1.0,0.0,0.0,0.0,1.0,0.0,0.310822568833828
340,0.0,1.0,0.0,0.0,1.0,0.0,1.0,0.0,0.0,0.0,0.044686686247587204
341,0.0,0.0,0.0,0.0,1.0,0.0,0.0,1.0,1.0,0.0,0.04201735928654671
342,0.0,0.0,0.0,0.0,1.0,0.0,1.0,0.0,1.0,0.0,0.03465142287313938
343,0.0,1.0,1.0,0.0,1.0,0.0,1.0,0.0,0.0,1.0,0.05117879807949066
344,1.0,1.0,1.0,1.0,1.0,1.0,1.0,0.0,1.0,1.0,0.31657248735427856
345,1.0,0.0,1.0,1.0,0.0,0.0,1.0,0.0,0.0,0.0,0.30664873123168945
346,0.0,1.0,1.0,1.0,1.0,1.0,1.0,1.0,1.0,1.0,0.08338134363293648
347,0.0,1.0,1.0,1.0,0.0,1.0,1.0,0.0,1.0,0.0,0.07026518136262894
348,1.0,1.0,1.0,0.0,0.0,1.0,1.0,0.0,1.0,1.0,0.3134511634707451
349,0.0,1.0,0.0,0.0,1.0,1.0,0.0,1.0,0.0,0.0,0.054551536217331886
350,0.0,1.0,0.0,1.0,0.0,1.0,0.0,0.0,1.0,0.0,0.0684568714350462
351,1.0,0.0,0.0,0.0,1.0,0.0,1.0,0.0,1.0,0.0,0.30857792496681213
352,1.0,1.0,1.0,1.0,1.0,1.0,0.0,0.0,0.0,0.0,0.3124787285923958
353,1.0,1.0,1.0,1.0,1.0,1.0,0.0,1.0,0.0,0.0,0.31674206256866455
354,1.0,1.0,0.0,0.0,1.0,0.0,0.0,1.0,1.0,1.0,0.31600789725780487
355,0.0,1.0,1.0,1.0,1.0,0.0,1.0,0.0,1.0,1.0,0.07464286871254444
356,1.0,0.0,1.0,1.0,1.0,1.0,1.0,1.0,0.0,1.0,0.3141728639602661
357,0.0,1.0,1.0,0.0,0.0,1.0,0.0,1.0,0.0,0.0,0.052192943170666695
358,1.0,0.0,0.0,0.0,1.0,1.0,0.0,1.0,0.0,0.0,0.309265099465847
359,1.0,0.0,1.0,1.0,0.0,1.0,1.0,0.0,0.0,1.0,0.3088783398270607
