,/model.1/conv/Conv,/model.23/cv2.0/cv2.0.0/conv/Conv,/model.23/cv2.0/cv2.0.1/conv/Conv,/model.23/cv2.1/cv2.1.0/conv/Conv,/model.23/cv4.0/cv4.0.0/conv/Conv,/model.23/proto/cv1/conv/Conv,/model.23/proto/cv2/conv/Conv,/model.23/proto/upsample/ConvTranspose,/model.3/conv/Conv,/model.5/conv/Conv,Error
0,1.0,1.0,1.0,1.0,1.0,1.0,1.0,1.0,1.0,1.0,0.132816132158041
1,0.0,1.0,1.0,1.0,0.0,0.0,1.0,1.0,0.0,0.0,0.029812132008373737
2,1.0,0.0,0.0,1.0,0.0,0.0,1.0,1.0,0.0,0.0,0.12039149925112724
3,1.0,1.0,1.0,1.0,1.0,0.0,0.0,1.0,0.0,0.0,0.12514498829841614
4,0.0,0.0,1.0,0.0,0.0,0.0,1.0,0.0,1.0,0.0,0.0569692961871624
5,0.0,1.0,0.0,0.0,0.0,0.0,0.0,1.0,1.0,1.0,0.0683949626982212
6,0.0,1.0,0.0,1.0,1.0,0.0,1.0,0.0,0.0,1.0,0.037118466570973396
7,0.0,1.0,0.0,0.0,0.0,1.0,0.0,1.0,0.0,1.0,0.04057839885354042
8,1.0,1.0,0.0,0.0,1.0,1.0,1.0,0.0,0.0,0.0,0.129776269197464
9,0.0,1.0,1.0,1.0,0.0,1.0,1.0,0.0,0.0,1.0,0.0462602861225605
10,1.0,1.0,1.0,1.0,1.0,1.0,0.0,0.0,1.0,1.0,0.1316080018877983
11,0.0,1.0,1.0,1.0,1.0,0.0,1.0,1.0,0.0,0.0,0.030939591117203236
12,0.0,0.0,0.0,1.0,1.0,1.0,1.0,1.0,0.0,0.0,0.029395554214715958
13,1.0,0.0,1.0,0.0,1.0,1.0,0.0,1.0,0.0,1.0,0.12621966004371643
14,1.0,0.0,0.0,0.0,1.0,1.0,1.0,1.0,1.0,1.0,0.127012450248003
15,1.0,0.0,0.0,0.0,0.0,1.0,1.0,0.0,1.0,1.0,0.12678402662277222
16,1.0,0.0,0.0,1.0,0.0,1.0,1.0,1.0,0.0,1.0,0.12751766294240952
17,0.0,1.0,0.0,0.0,1.0,1.0,1.0,0.0,1.0,1.0,0.0773431807756424
18,0.0,0.0,1.0,1.0,0.0,0.0,0.0,0.0,1.0,0.0,0.05445828475058079
19,0.0,1.0,1.0,0.0,1.0,0.0,1.0,0.0,1.0,0.0,0.06476465426385403
20,1.0,0.0,1.0,0.0,0.0,1.0,1.0,0.0,0.0,1.0,0.12715628743171692
21,1.0,1.0,0.0,0.0,1.0,1.0,0.0,1.0,0.0,1.0,0.13003068417310715
22,0.0,0.0,1.0,1.0,1.0,0.0,1.0,1.0,0.0,0.0,0.022552170790731907
23,0.0,0.0,0.0,0.0,1.0,0.0,1.0,1.0,0.0,1.0,0.029747258871793747
24,1.0,0.0,0.0,0.0,0.0,0.0,0.0,1.0,1.0,0.0,0.12120092660188675
25,0.0,1.0,0.0,1.0,1.0,1.0,1.0,0.0,0.0,0.0,0.039325013756752014
26,1.0,0.0,0.0,0.0,0.0,0.0,0.0,0.0,0.0,0.0,0.11806416884064674
27,1.0,0.0,1.0,1.0,0.0,1.0,1.0,1.0,0.0,1.0,0.12810465693473816
28,1.0,1.0,1.0,1.0,0.0,1.0,1.0,1.0,0.0,1.0,0.1326550543308258
29,1.0,0.0,0.0,0.0,1.0,0.0,0.0,0.0,1.0,1.0,0.12185604125261307
30,0.0,1.0,1.0,0.0,1.0,1.0,1.0,1.0,1.0,0.0,0.07242680341005325
31,0.0,1.0,0.0,0.0,1.0,0.0,1.0,1.0,1.0,0.0,0.06387157551944256
32,1.0,1.0,1.0,0.0,1.0,0.0,1.0,0.0,0.0,1.0,0.1275917887687683
33,1.0,0.0,1.0,1.0,0.0,1.0,1.0,1.0,1.0,1.0,0.128117423504591
34,1.0,0.0,0.0,0.0,1.0,1.0,1.0,0.0,0.0,1.0,0.12682276964187622
35,1.0,1.0,1.0,0.0,1.0,1.0,1.0,0.0,0.0,0.0,0.13044627010822296
36,1.0,1.0,0.0,0.0,0.0,0.0,1.0,1.0,1.0,0.0,0.12762581557035446
37,1.0,1.0,1.0,0.0,1.0,0.0,0.0,1.0,0.0,0.0,0.12441983073949814
38,1.0,0.0,0.0,1.0,0.0,0.0,0.0,1.0,0.0,1.0,0.12155221402645111
39,0.0,0.0,0.0,0.0,1.0,0.0,1.0,0.0,0.0,0.0,0.014682652428746223
40,0.0,1.0,0.0,0.0,1.0,1.0,1.0,1.0,0.0,1.0,0.04379971884191036
41,0.0,1.0,0.0,1.0,0.0,0.0,0.0,1.0,1.0,0.0,0.061250707134604454
42,1.0,1.0,1.0,0.0,1.0,0.0,0.0,1.0,0.0,1.0,0.12637998163700104
43,1.0,0.0,0.0,1.0,1.0,0.0,1.0,1.0,1.0,0.0,0.12384840846061707
44,1.0,1.0,1.0,0.0,0.0,0.0,0.0,0.0,0.0,0.0,0.12394653633236885
45,1.0,0.0,1.0,1.0,0.0,0.0,1.0,1.0,0.0,1.0,0.12342175468802452
46,0.0,1.0,0.0,1.0,1.0,1.0,0.0,1.0,1.0,0.0,0.07024804130196571
47,0.0,0.0,1.0,0.0,0.0,0.0,1.0,1.0,0.0,0.0,0.015280497260391712
48,1.0,0.0,1.0,0.0,1.0,0.0,1.0,1.0,1.0,1.0,0.12367518246173859
49,0.0,1.0,0.0,0.0,0.0,0.0,1.0,1.0,0.0,0.0,0.024055546149611473
50,0.0,0.0,1.0,1.0,0.0,0.0,1.0,0.0,1.0,1.0,0.0677910353988409
51,1.0,0.0,0.0,0.0,1.0,1.0,1.0,1.0,1.0,0.0,0.1273501142859459
52,1.0,0.0,0.0,0.0,0.0,0.0,0.0,1.0,0.0,0.0,0.11823654547333717
53,1.0,0.0,1.0,1.0,0.0,1.0,1.0,0.0,0.0,0.0,0.12592057138681412
54,1.0,0.0,1.0,0.0,1.0,1.0,1.0,1.0,0.0,0.0,0.12548797577619553
55,1.0,1.0,1.0,1.0,0.0,1.0,0.0,1.0,1.0,1.0,0.13146980479359627
56,1.0,0.0,1.0,0.0,0.0,0.0,0.0,1.0,0.0,1.0,0.12122538685798645
57,1.0,1.0,0.0,0.0,1.0,1.0,0.0,0.0,1.0,0.0,0.1307961829006672
58,1.0,0.0,0.0,1.0,0.0,1.0,1.0,0.0,0.0,0.0,0.12535854429006577
59,1.0,1.0,0.0,1.0,0.0,0.0,1.0,1.0,1.0,0.0,0.12834759056568146
60,1.0,0.0,1.0,1.0,1.0,1.0,0.0,0.0,1.0,0.0,0.1274251751601696
61,1.0,1.0,0.0,1.0,0.0,1.0,0.0,0.0,0.0,0.0,0.12884072959423065
62,1.0,0.0,1.0,0.0,1.0,1.0,0.0,0.0,0.0,0.0,0.12410807609558105
63,0.0,0.0,0.0,1.0,0.0,0.0,0.0,0.0,0.0,0.0,0.004668011795729399
64,0.0,0.0,1.0,1.0,0.0,1.0,0.0,0.0,0.0,0.0,0.02856490109115839
65,0.0,1.0,0.0,1.0,1.0,0.0,1.0,1.0,0.0,1.0,0.037544796243309975
66,1.0,0.0,0.0,1.0,0.0,0.0,1.0,0.0,0.0,0.0,0.12029169499874115
67,0.0,1.0,0.0,0.0,0.0,1.0,1.0,0.0,0.0,1.0,0.042960429564118385
68,0.0,0.0,1.0,0.0,0.0,1.0,1.0,0.0,0.0,0.0,0.02730110939592123
69,1.0,1.0,1.0,0.0,0.0,1.0,0.0,1.0,0.0,1.0,0.13051656633615494
70,0.0,1.0,0.0,0.0,0.0,0.0,0.0,0.0,0.0,1.0,0.030206766910851002
71,1.0,0.0,0.0,1.0,1.0,0.0,0.0,0.0,1.0,1.0,0.12267152220010757
72,0.0,0.0,1.0,0.0,0.0,1.0,0.0,1.0,1.0,1.0,0.07174119167029858
73,1.0,0.0,0.0,1.0,1.0,1.0,0.0,1.0,0.0,0.0,0.12435636296868324
74,1.0,0.0,1.0,0.0,0.0,1.0,1.0,0.0,1.0,0.0,0.1277516670525074
75,0.0,0.0,0.0,1.0,1.0,0.0,1.0,1.0,1.0,0.0,0.058051468804478645
76,1.0,0.0,0.0,1.0,0.0,0.0,0.0,0.0,1.0,0.0,0.12167948484420776
77,0.0,1.0,1.0,1.0,1.0,1.0,1.0,0.0,0.0,1.0,0.047037579119205475
78,1.0,1.0,1.0,0.0,1.0,1.0,0.0,0.0,1.0,0.0,0.13150915876030922
79,1.0,0.0,1.0,1.0,0.0,1.0,0.0,1.0,1.0,0.0,0.1272616796195507
80,0.0,0.0,1.0,0.0,0.0,0.0,0.0,1.0,0.0,1.0,0.02628056611865759
81,0.0,1.0,1.0,1.0,0.0,0.0,0.0,0.0,0.0,0.0,0.021670912392437458
82,0.0,0.0,1.0,1.0,1.0,1.0,1.0,0.0,0.0,1.0,0.04121299274265766
83,0.0,0.0,0.0,1.0,0.0,0.0,0.0,1.0,0.0,0.0,0.008609855081886053
84,1.0,0.0,0.0,1.0,0.0,1.0,1.0,0.0,1.0,0.0,0.12784050777554512
85,1.0,1.0,0.0,0.0,1.0,0.0,0.0,1.0,0.0,0.0,0.12374982982873917
86,1.0,1.0,1.0,1.0,0.0,1.0,1.0,1.0,1.0,1.0,0.13259437307715416
87,1.0,1.0,0.0,0.0,0.0,1.0,0.0,1.0,1.0,1.0,0.12997521087527275
88,1.0,1.0,0.0,1.0,1.0,0.0,0.0,0.0,1.0,0.0,0.127167459577322
89,0.0,1.0,1.0,0.0,0.0,0.0,0.0,0.0,1.0,0.0,0.06067398190498352
90,1.0,1.0,0.0,0.0,1.0,0.0,1.0,0.0,1.0,1.0,0.12739556282758713
91,1.0,0.0,0.0,1.0,1.0,0.0,0.0,1.0,1.0,1.0,0.12282741069793701
92,0.0,1.0,1.0,1.0,1.0,0.0,0.0,1.0,1.0,1.0,0.07107562571763992
93,1.0,0.0,1.0,0.0,0.0,0.0,0.0,1.0,0.0,0.0,0.11870217695832253
94,1.0,0.0,1.0,0.0,1.0,1.0,1.0,0.0,1.0,0.0,0.12797820940613747
95,0.0,0.0,1.0,0.0,0.0,1.0,0.0,0.0,1.0,1.0,0.071555620059371
96,0.0,1.0,1.0,1.0,1.0,1.0,1.0,0.0,0.0,0.0,0.040948791429400444
97,0.0,0.0,0.0,1.0,0.0,0.0,0.0,0.0,0.0,1.0,0.025365822948515415
98,0.0,0.0,0.0,1.0,1.0,0.0,0.0,0.0,1.0,1.0,0.06468657031655312
99,0.0,0.0,1.0,1.0,0.0,1.0,0.0,0.0,1.0,0.0,0.0642771776765585
100,1.0,1.0,0.0,1.0,1.0,1.0,1.0,0.0,0.0,1.0,0.13213498890399933
101,1.0,1.0,0.0,1.0,0.0,1.0,1.0,0.0,1.0,0.0,0.13256623223423958
102,1.0,1.0,0.0,0.0,1.0,0.0,0.0,0.0,0.0,0.0,0.12356319651007652
103,0.0,0.0,1.0,0.0,0.0,0.0,0.0,1.0,1.0,1.0,0.06444552913308144
104,0.0,0.0,1.0,1.0,1.0,1.0,1.0,0.0,0.0,0.0,0.032561371102929115
105,0.0,0.0,1.0,1.0,0.0,0.0,1.0,1.0,0.0,1.0,0.0320350406691432
106,1.0,0.0,1.0,1.0,0.0,0.0,1.0,1.0,0.0,0.0,0.120857123285532
107,1.0,1.0,1.0,0.0,0.0,1.0,1.0,1.0,0.0,1.0,0.13174088299274445
108,0.0,1.0,1.0,1.0,1.0,1.0,0.0,1.0,0.0,0.0,0.03826059214770794
109,0.0,1.0,0.0,0.0,1.0,0.0,0.0,0.0,1.0,1.0,0.06830261647701263
110,1.0,0.0,0.0,1.0,1.0,0.0,0.0,0.0,0.0,0.0,0.11943214014172554
111,0.0,0.0,1.0,0.0,1.0,1.0,0.0,1.0,1.0,0.0,0.06385041773319244
112,0.0,0.0,0.0,0.0,0.0,0.0,1.0,1.0,1.0,0.0,0.0556594543159008
113,0.0,1.0,1.0,1.0,1.0,1.0,0.0,1.0,0.0,1.0,0.04465554840862751
114,0.0,1.0,1.0,1.0,0.0,0.0,0.0,0.0,1.0,1.0,0.07017751410603523
115,0.0,1.0,0.0,0.0,0.0,0.0,1.0,0.0,0.0,1.0,0.03455229848623276
116,1.0,0.0,1.0,0.0,1.0,0.0,0.0,1.0,1.0,1.0,0.12252317368984222
117,0.0,0.0,1.0,1.0,0.0,1.0,1.0,0.0,0.0,1.0,0.04043570160865784
118,1.0,1.0,1.0,0.0,0.0,0.0,1.0,0.0,0.0,1.0,0.12733831256628036
119,0.0,1.0,0.0,1.0,0.0,0.0,1.0,0.0,0.0,1.0,0.03634117543697357
120,1.0,0.0,1.0,0.0,1.0,1.0,1.0,1.0,1.0,1.0,0.12752369418740273
121,0.0,1.0,0.0,0.0,0.0,0.0,0.0,0.0,0.0,0.0,0.015914326533675194
122,0.0,1.0,0.0,0.0,1.0,1.0,1.0,1.0,1.0,0.0,0.07117609679698944
123,1.0,1.0,1.0,0.0,1.0,0.0,0.0,1.0,1.0,0.0,0.1273304782807827
124,0.0,1.0,0.0,1.0,0.0,1.0,1.0,0.0,0.0,1.0,0.0447493065148592
125,1.0,1.0,1.0,1.0,1.0,0.0,1.0,1.0,1.0,0.0,0.12928709387779236
126,0.0,0.0,0.0,1.0,1.0,1.0,0.0,1.0,1.0,0.0,0.06332748383283615
127,1.0,0.0,1.0,1.0,1.0,1.0,1.0,1.0,0.0,0.0,0.12621313333511353
128,1.0,1.0,1.0,0.0,1.0,0.0,1.0,1.0,1.0,0.0,0.12856533378362656
129,1.0,0.0,0.0,0.0,0.0,1.0,1.0,0.0,1.0,0.0,0.12711873278021812
130,1.0,1.0,1.0,0.0,0.0,1.0,1.0,0.0,1.0,0.0,0.13255742564797401
131,0.0,0.0,1.0,0.0,0.0,0.0,1.0,1.0,0.0,1.0,0.030167250894010067
132,1.0,0.0,1.0,1.0,1.0,1.0,0.0,0.0,1.0,1.0,0.12713104486465454
133,1.0,1.0,1.0,0.0,0.0,0.0,1.0,1.0,1.0,1.0,0.12793046981096268
134,0.0,0.0,1.0,1.0,1.0,1.0,0.0,0.0,1.0,0.0,0.06480510719120502
135,0.0,0.0,1.0,0.0,0.0,0.0,1.0,1.0,1.0,1.0,0.06701233051717281
136,0.0,1.0,1.0,0.0,1.0,1.0,1.0,1.0,0.0,0.0,0.03682197257876396
137,1.0,1.0,1.0,1.0,1.0,0.0,0.0,1.0,0.0,1.0,0.12729418277740479
138,0.0,1.0,1.0,1.0,0.0,0.0,0.0,1.0,0.0,1.0,0.03444170579314232
139,0.0,0.0,0.0,1.0,0.0,0.0,0.0,1.0,1.0,1.0,0.06443948671221733
140,0.0,1.0,0.0,0.0,0.0,0.0,0.0,1.0,1.0,0.0,0.0601502638310194
141,1.0,0.0,0.0,1.0,1.0,1.0,0.0,0.0,1.0,0.0,0.12679223343729973
142,0.0,0.0,1.0,1.0,0.0,1.0,1.0,0.0,1.0,1.0,0.07444671168923378
143,1.0,0.0,0.0,0.0,1.0,0.0,0.0,1.0,1.0,1.0,0.1220119297504425
144,0.0,0.0,1.0,0.0,1.0,1.0,0.0,0.0,0.0,0.0,0.02555955108255148
145,0.0,0.0,0.0,1.0,0.0,1.0,0.0,0.0,1.0,1.0,0.0714442078024149
146,0.0,1.0,0.0,0.0,0.0,1.0,1.0,1.0,1.0,1.0,0.07703652232885361
147,1.0,0.0,1.0,0.0,1.0,1.0,0.0,1.0,1.0,1.0,0.12639912590384483
148,0.0,0.0,0.0,1.0,0.0,1.0,0.0,0.0,0.0,0.0,0.02539309300482273
149,1.0,1.0,1.0,1.0,1.0,1.0,1.0,0.0,0.0,0.0,0.13117142766714096
150,1.0,0.0,1.0,0.0,1.0,1.0,1.0,0.0,0.0,0.0,0.12548208981752396
151,0.0,0.0,0.0,1.0,1.0,1.0,0.0,0.0,1.0,1.0,0.07184710167348385
152,0.0,0.0,1.0,1.0,1.0,1.0,0.0,0.0,0.0,1.0,0.038651496171951294
153,1.0,1.0,1.0,0.0,1.0,0.0,1.0,0.0,1.0,0.0,0.12847338989377022
154,1.0,0.0,0.0,0.0,0.0,1.0,0.0,0.0,0.0,0.0,0.12325938791036606
155,1.0,1.0,1.0,1.0,0.0,1.0,0.0,0.0,0.0,1.0,0.13136187568306923
156,1.0,1.0,1.0,0.0,1.0,0.0,1.0,1.0,0.0,0.0,0.12579047679901123
157,0.0,0.0,1.0,0.0,1.0,0.0,1.0,0.0,1.0,0.0,0.058216774836182594
158,1.0,0.0,0.0,0.0,0.0,0.0,0.0,0.0,1.0,0.0,0.12105563282966614
159,0.0,1.0,0.0,0.0,1.0,1.0,0.0,1.0,1.0,0.0,0.06914759054780006
160,1.0,0.0,1.0,1.0,1.0,0.0,0.0,0.0,1.0,1.0,0.1231827661395073
161,1.0,1.0,1.0,0.0,1.0,0.0,1.0,1.0,0.0,1.0,0.12767426669597626
162,0.0,0.0,0.0,1.0,1.0,1.0,1.0,1.0,1.0,0.0,0.06535599008202553
163,1.0,0.0,1.0,1.0,1.0,1.0,1.0,1.0,1.0,1.0,0.12833917513489723
164,0.0,1.0,1.0,0.0,1.0,1.0,1.0,1.0,1.0,1.0,0.07870612666010857
165,1.0,0.0,0.0,1.0,1.0,0.0,1.0,1.0,0.0,0.0,0.12098941951990128
166,0.0,0.0,1.0,1.0,1.0,1.0,1.0,1.0,1.0,1.0,0.07494581863284111
167,1.0,0.0,0.0,0.0,1.0,0.0,0.0,1.0,1.0,0.0,0.12189177796244621
168,1.0,0.0,0.0,0.0,1.0,0.0,1.0,1.0,1.0,0.0,0.12312663346529007
169,0.0,0.0,1.0,1.0,0.0,1.0,0.0,1.0,1.0,0.0,0.06442292034626007
170,0.0,0.0,0.0,0.0,1.0,1.0,0.0,1.0,1.0,1.0,0.07102161087095737
171,1.0,0.0,1.0,1.0,1.0,0.0,0.0,1.0,0.0,0.0,0.12018080800771713
172,0.0,0.0,0.0,1.0,1.0,0.0,1.0,1.0,0.0,0.0,0.019380358047783375
173,1.0,0.0,1.0,1.0,1.0,1.0,1.0,0.0,1.0,1.0,0.12833242118358612
174,1.0,1.0,1.0,1.0,0.0,1.0,1.0,0.0,1.0,0.0,0.1332791931927204
175,0.0,1.0,0.0,0.0,0.0,1.0,0.0,0.0,1.0,1.0,0.0750602688640356
176,0.0,0.0,1.0,0.0,0.0,1.0,0.0,0.0,0.0,0.0,0.02443209569901228
177,1.0,1.0,1.0,1.0,0.0,1.0,0.0,0.0,1.0,1.0,0.13138624280691147
178,0.0,0.0,0.0,0.0,1.0,1.0,1.0,1.0,1.0,0.0,0.06425552815198898
179,0.0,0.0,0.0,0.0,1.0,1.0,0.0,0.0,0.0,0.0,0.02238774485886097
180,0.0,1.0,1.0,0.0,0.0,1.0,1.0,1.0,0.0,0.0,0.035694519989192486
181,0.0,0.0,1.0,1.0,1.0,0.0,0.0,0.0,0.0,0.0,0.014410951174795628
182,0.0,1.0,0.0,1.0,0.0,0.0,0.0,1.0,1.0,1.0,0.06940601393580437
183,1.0,1.0,0.0,1.0,1.0,1.0,0.0,1.0,1.0,0.0,0.13158100470900536
184,0.0,1.0,0.0,1.0,0.0,0.0,1.0,0.0,0.0,0.0,0.02762344852089882
185,0.0,0.0,1.0,1.0,0.0,1.0,1.0,1.0,1.0,1.0,0.07454293221235275
186,1.0,0.0,0.0,1.0,0.0,0.0,0.0,0.0,1.0,1.0,0.12203077599406242
187,1.0,0.0,1.0,0.0,0.0,1.0,1.0,0.0,0.0,0.0,0.1251954287290573
188,0.0,1.0,1.0,0.0,0.0,1.0,0.0,0.0,1.0,0.0,0.06972463242709637
189,1.0,0.0,0.0,0.0,1.0,1.0,1.0,1.0,0.0,0.0,0.12492594122886658
190,0.0,1.0,1.0,1.0,1.0,0.0,1.0,0.0,0.0,0.0,0.030374685302376747
191,1.0,1.0,1.0,1.0,0.0,0.0,1.0,0.0,0.0,1.0,0.12825248390436172
192,0.0,0.0,0.0,1.0,1.0,1.0,0.0,1.0,1.0,1.0,0.07203267328441143
193,1.0,0.0,1.0,0.0,1.0,0.0,0.0,0.0,0.0,0.0,0.11926901713013649
194,0.0,1.0,1.0,0.0,0.0,0.0,1.0,0.0,0.0,0.0,0.025114418007433414
195,1.0,1.0,0.0,1.0,0.0,0.0,1.0,0.0,0.0,0.0,0.12543506547808647
196,0.0,1.0,0.0,1.0,0.0,1.0,1.0,1.0,0.0,1.0,0.0448113139718771
197,1.0,1.0,1.0,0.0,1.0,0.0,1.0,1.0,1.0,1.0,0.12815214693546295
198,1.0,0.0,0.0,0.0,0.0,0.0,0.0,1.0,0.0,1.0,0.12066890299320221
199,0.0,1.0,1.0,1.0,1.0,0.0,0.0,1.0,0.0,0.0,0.025151838082820177
200,0.0,0.0,1.0,1.0,1.0,1.0,0.0,1.0,1.0,1.0,0.07315513677895069
201,0.0,1.0,0.0,0.0,1.0,1.0,1.0,0.0,0.0,1.0,0.043737711384892464
202,1.0,0.0,0.0,0.0,0.0,0.0,1.0,0.0,0.0,0.0,0.11949396878480911
203,0.0,1.0,1.0,0.0,0.0,1.0,1.0,1.0,1.0,1.0,0.0783032476902008
204,1.0,0.0,0.0,1.0,1.0,0.0,0.0,1.0,0.0,1.0,0.1221567913889885
205,0.0,0.0,1.0,0.0,0.0,0.0,0.0,1.0,1.0,0.0,0.054106349125504494
206,0.0,0.0,0.0,1.0,1.0,1.0,1.0,0.0,1.0,0.0,0.06532679125666618
207,1.0,1.0,1.0,0.0,0.0,1.0,0.0,1.0,1.0,0.0,0.13134565576910973
208,1.0,0.0,0.0,0.0,0.0,0.0,1.0,1.0,0.0,1.0,0.12198196724057198
209,1.0,1.0,1.0,1.0,0.0,1.0,1.0,1.0,1.0,0.0,0.13328403234481812
210,0.0,0.0,0.0,1.0,1.0,1.0,1.0,0.0,1.0,1.0,0.07372713461518288
211,0.0,1.0,0.0,0.0,1.0,0.0,1.0,1.0,0.0,1.0,0.035755909979343414
212,0.0,0.0,1.0,1.0,0.0,1.0,0.0,1.0,0.0,1.0,0.03805367089807987
213,1.0,0.0,0.0,0.0,0.0,1.0,1.0,1.0,1.0,1.0,0.12679078057408333
214,1.0,1.0,0.0,1.0,0.0,1.0,1.0,1.0,0.0,0.0,0.13022062927484512
215,0.0,0.0,0.0,1.0,0.0,0.0,1.0,0.0,1.0,0.0,0.05642496049404144
216,1.0,1.0,1.0,1.0,1.0,0.0,1.0,0.0,1.0,1.0,0.1288902461528778
217,1.0,0.0,0.0,1.0,1.0,1.0,0.0,0.0,0.0,1.0,0.12647799029946327
218,1.0,1.0,0.0,1.0,1.0,1.0,0.0,1.0,1.0,1.0,0.13101234659552574
219,1.0,0.0,1.0,1.0,1.0,0.0,1.0,0.0,1.0,0.0,0.1243894062936306
220,1.0,1.0,1.0,0.0,0.0,1.0,0.0,1.0,1.0,1.0,0.13065441325306892
221,0.0,0.0,0.0,0.0,0.0,1.0,0.0,0.0,1.0,1.0,0.07043315656483173
222,0.0,0.0,1.0,0.0,0.0,0.0,0.0,0.0,0.0,0.0,0.005233666859567165
223,0.0,0.0,0.0,0.0,1.0,0.0,0.0,0.0,0.0,0.0,0.007106338627636433
224,1.0,0.0,1.0,1.0,1.0,1.0,1.0,0.0,0.0,0.0,0.12620724737644196
225,0.0,0.0,0.0,0.0,1.0,0.0,0.0,1.0,1.0,1.0,0.0641707330942154
226,1.0,1.0,0.0,1.0,0.0,1.0,1.0,1.0,0.0,1.0,0.13191569596529007
227,0.0,0.0,0.0,1.0,1.0,1.0,1.0,0.0,0.0,1.0,0.03951793536543846
228,0.0,1.0,1.0,0.0,0.0,0.0,1.0,0.0,1.0,0.0,0.0642367321997881
229,1.0,1.0,1.0,1.0,0.0,1.0,0.0,1.0,0.0,1.0,0.1314307376742363
230,1.0,0.0,0.0,0.0,0.0,0.0,1.0,0.0,1.0,0.0,0.12237400934100151
231,1.0,1.0,0.0,1.0,0.0,1.0,1.0,0.0,0.0,0.0,0.13021474331617355
232,1.0,0.0,0.0,0.0,0.0,1.0,1.0,0.0,0.0,1.0,0.12656929343938828
233,0.0,0.0,0.0,0.0,0.0,0.0,1.0,1.0,0.0,1.0,0.028411613777279854
234,1.0,1.0,0.0,1.0,0.0,0.0,0.0,1.0,1.0,1.0,0.1269146353006363
235,1.0,0.0,0.0,0.0,0.0,0.0,1.0,1.0,1.0,1.0,0.12257387489080429
236,1.0,1.0,0.0,1.0,1.0,1.0,1.0,0.0,1.0,1.0,0.13213016092777252
237,1.0,0.0,0.0,1.0,0.0,0.0,1.0,0.0,0.0,1.0,0.12276938185095787
238,0.0,0.0,0.0,0.0,0.0,1.0,0.0,1.0,1.0,1.0,0.07061872817575932
239,0.0,0.0,1.0,0.0,1.0,1.0,1.0,1.0,0.0,1.0,0.039486128836870193
240,0.0,0.0,1.0,0.0,0.0,0.0,0.0,1.0,0.0,0.0,0.00917551014572382
241,0.0,0.0,1.0,1.0,1.0,0.0,0.0,0.0,1.0,1.0,0.06580903381109238
242,1.0,1.0,1.0,0.0,1.0,1.0,1.0,1.0,0.0,0.0,0.13045215606689453
243,1.0,0.0,0.0,1.0,0.0,1.0,1.0,0.0,1.0,1.0,0.12759942561388016
244,0.0,0.0,1.0,1.0,0.0,1.0,1.0,0.0,1.0,0.0,0.0664222277700901
245,1.0,0.0,1.0,1.0,1.0,0.0,0.0,1.0,1.0,1.0,0.12333865463733673
246,1.0,1.0,1.0,0.0,0.0,1.0,1.0,0.0,0.0,0.0,0.13015960901975632
247,0.0,1.0,1.0,0.0,1.0,1.0,0.0,0.0,1.0,1.0,0.07672987319529057
248,0.0,1.0,0.0,0.0,1.0,0.0,0.0,1.0,0.0,1.0,0.03191913105547428
249,1.0,0.0,1.0,1.0,1.0,0.0,0.0,1.0,0.0,1.0,0.12274378538131714
250,0.0,1.0,0.0,0.0,0.0,0.0,0.0,0.0,1.0,1.0,0.06789973750710487
251,0.0,0.0,0.0,0.0,1.0,1.0,0.0,0.0,0.0,1.0,0.03516756370663643
252,0.0,0.0,1.0,1.0,1.0,0.0,1.0,0.0,0.0,0.0,0.02198726497590542
253,0.0,1.0,0.0,0.0,1.0,0.0,1.0,0.0,1.0,1.0,0.07108993642032146
254,0.0,0.0,1.0,1.0,1.0,1.0,0.0,1.0,0.0,0.0,0.02987317182123661
255,1.0,1.0,0.0,1.0,0.0,0.0,1.0,1.0,1.0,1.0,0.12806664407253265
256,1.0,0.0,1.0,1.0,0.0,0.0,0.0,0.0,0.0,1.0,0.12195076793432236
257,1.0,1.0,0.0,0.0,0.0,0.0,1.0,1.0,1.0,1.0,0.1272512674331665
258,0.0,0.0,0.0,1.0,0.0,1.0,0.0,1.0,1.0,1.0,0.07162977941334248
259,0.0,0.0,1.0,0.0,0.0,0.0,0.0,0.0,1.0,0.0,0.05331416614353657
260,1.0,0.0,0.0,1.0,0.0,1.0,0.0,0.0,0.0,0.0,0.12398453056812286
261,0.0,0.0,1.0,1.0,0.0,0.0,1.0,1.0,1.0,1.0,0.0680608730763197
262,1.0,0.0,1.0,1.0,0.0,0.0,0.0,1.0,1.0,0.0,0.12248372286558151
263,0.0,0.0,0.0,1.0,0.0,0.0,1.0,1.0,1.0,0.0,0.056803591549396515
264,0.0,1.0,1.0,1.0,1.0,1.0,0.0,0.0,0.0,0.0,0.03807977773249149
265,1.0,0.0,1.0,1.0,1.0,0.0,1.0,0.0,1.0,1.0,0.12441328912973404
266,1.0,1.0,1.0,0.0,1.0,1.0,0.0,1.0,0.0,1.0,0.13077004253864288
267,0.0,1.0,1.0,0.0,0.0,1.0,1.0,0.0,1.0,0.0,0.07186968252062798
268,1.0,0.0,1.0,1.0,1.0,1.0,0.0,1.0,0.0,0.0,0.12491839751601219
269,1.0,1.0,0.0,1.0,1.0,0.0,0.0,0.0,1.0,1.0,0.1269805058836937
270,0.0,1.0,0.0,1.0,1.0,1.0,0.0,0.0,1.0,1.0,0.07647421024739742
271,1.0,0.0,0.0,0.0,0.0,1.0,0.0,0.0,1.0,1.0,0.12558265030384064
272,0.0,0.0,1.0,0.0,1.0,0.0,1.0,1.0,1.0,1.0,0.06785353273153305
273,0.0,0.0,1.0,0.0,1.0,0.0,0.0,0.0,1.0,0.0,0.05465402454137802
274,1.0,0.0,0.0,0.0,1.0,0.0,1.0,0.0,1.0,1.0,0.12308656424283981
275,0.0,0.0,1.0,1.0,1.0,0.0,1.0,1.0,0.0,1.0,0.03323119133710861
276,0.0,1.0,1.0,1.0,0.0,1.0,1.0,1.0,0.0,1.0,0.0463222935795784
277,1.0,0.0,0.0,1.0,1.0,1.0,1.0,1.0,0.0,1.0,0.12777116894721985
278,0.0,1.0,0.0,1.0,0.0,1.0,0.0,0.0,1.0,1.0,0.07607132010161877
279,0.0,0.0,1.0,1.0,1.0,0.0,1.0,0.0,0.0,1.0,0.032804861664772034
280,1.0,0.0,0.0,0.0,0.0,1.0,0.0,1.0,1.0,0.0,0.12590696290135384
281,0.0,0.0,0.0,1.0,1.0,1.0,0.0,1.0,0.0,0.0,0.02670135907828808
282,0.0,1.0,0.0,0.0,1.0,1.0,0.0,0.0,0.0,0.0,0.03232318628579378
283,1.0,0.0,0.0,1.0,1.0,0.0,0.0,0.0,1.0,0.0,0.12244173511862755
284,1.0,0.0,1.0,0.0,1.0,1.0,1.0,0.0,1.0,1.0,0.1275169402360916
285,0.0,0.0,1.0,0.0,0.0,1.0,0.0,0.0,1.0,0.0,0.06317675299942493
286,0.0,0.0,0.0,0.0,0.0,0.0,0.0,1.0,1.0,0.0,0.052417876198887825
287,1.0,1.0,1.0,0.0,1.0,1.0,1.0,0.0,1.0,0.0,0.13278397545218468
288,0.0,0.0,1.0,0.0,1.0,0.0,1.0,1.0,1.0,0.0,0.05857440270483494
289,1.0,0.0,1.0,0.0,0.0,1.0,0.0,1.0,0.0,1.0,0.12596618384122849
290,1.0,0.0,1.0,0.0,1.0,1.0,0.0,0.0,0.0,1.0,0.12615079805254936
291,0.0,1.0,0.0,1.0,1.0,1.0,1.0,1.0,1.0,1.0,0.07845046371221542
292,1.0,0.0,1.0,0.0,0.0,1.0,0.0,0.0,0.0,1.0,0.12589732185006142
293,1.0,0.0,1.0,0.0,0.0,0.0,0.0,0.0,0.0,0.0,0.1185298003256321
294,1.0,1.0,1.0,0.0,0.0,0.0,1.0,1.0,0.0,1.0,0.1274207904934883
295,1.0,1.0,1.0,0.0,1.0,0.0,0.0,0.0,0.0,0.0,0.1242331974208355
296,1.0,1.0,0.0,0.0,1.0,1.0,0.0,1.0,0.0,0.0,0.12848741933703423
297,0.0,1.0,0.0,0.0,0.0,1.0,0.0,0.0,0.0,0.0,0.03119573276489973
298,0.0,1.0,0.0,1.0,0.0,0.0,0.0,0.0,1.0,1.0,0.06891078874468803
299,1.0,1.0,0.0,0.0,0.0,1.0,1.0,0.0,1.0,1.0,0.13109302520751953
300,0.0,0.0,0.0,1.0,0.0,1.0,1.0,0.0,0.0,0.0,0.028262106701731682
301,0.0,1.0,1.0,0.0,0.0,1.0,1.0,1.0,0.0,1.0,0.044533418491482735
302,0.0,1.0,1.0,0.0,1.0,0.0,1.0,1.0,1.0,1.0,0.07262490689754486
303,0.0,1.0,0.0,0.0,1.0,0.0,0.0,1.0,1.0,0.0,0.060678185895085335
304,0.0,0.0,0.0,0.0,1.0,0.0,0.0,1.0,0.0,0.0,0.009459805209189653
305,0.0,1.0,1.0,1.0,1.0,1.0,1.0,1.0,0.0,0.0,0.04095478728413582
306,1.0,0.0,1.0,0.0,0.0,0.0,1.0,1.0,0.0,0.0,0.12005940452218056
307,0.0,1.0,1.0,0.0,1.0,1.0,0.0,0.0,0.0,1.0,0.04268719628453255
308,0.0,1.0,1.0,0.0,0.0,1.0,0.0,0.0,0.0,0.0,0.03281951043754816
309,0.0,0.0,1.0,1.0,0.0,0.0,0.0,1.0,0.0,0.0,0.013843522407114506
310,0.0,1.0,1.0,0.0,1.0,1.0,0.0,1.0,0.0,1.0,0.04286666214466095
311,1.0,0.0,0.0,0.0,0.0,1.0,1.0,0.0,0.0,0.0,0.12463340163230896
312,0.0,1.0,1.0,1.0,1.0,1.0,0.0,1.0,1.0,0.0,0.07149874046444893
313,1.0,0.0,1.0,0.0,0.0,0.0,1.0,0.0,1.0,0.0,0.12303295359015465
314,1.0,0.0,0.0,1.0,0.0,1.0,1.0,1.0,1.0,1.0,0.12760617956519127
315,0.0,0.0,1.0,0.0,0.0,0.0,1.0,0.0,1.0,1.0,0.06674249283969402
316,0.0,0.0,0.0,1.0,0.0,1.0,0.0,0.0,0.0,1.0,0.03617914579808712
317,1.0,0.0,0.0,1.0,1.0,0.0,1.0,0.0,1.0,1.0,0.12390204519033432
318,1.0,1.0,1.0,1.0,0.0,1.0,0.0,0.0,1.0,0.0,0.13200437650084496
319,0.0,1.0,1.0,1.0,0.0,1.0,1.0,0.0,0.0,0.0,0.039821332320570946
320,0.0,1.0,1.0,1.0,1.0,0.0,0.0,0.0,0.0,0.0,0.022798371501266956
321,1.0,1.0,0.0,1.0,1.0,1.0,0.0,0.0,0.0,1.0,0.13087602332234383
322,1.0,0.0,1.0,1.0,0.0,1.0,0.0,1.0,0.0,0.0,0.12463172152638435
323,0.0,0.0,0.0,0.0,1.0,1.0,0.0,1.0,0.0,1.0,0.03534702956676483
324,0.0,0.0,0.0,0.0,1.0,1.0,0.0,1.0,0.0,0.0,0.022568559274077415
325,0.0,0.0,0.0,0.0,0.0,0.0,0.0,0.0,1.0,0.0,0.0516256932169199
326,1.0,1.0,1.0,0.0,1.0,1.0,1.0,1.0,0.0,1.0,0.1319943591952324
327,0.0,1.0,1.0,0.0,1.0,0.0,0.0,0.0,1.0,1.0,0.06956934183835983
328,0.0,1.0,0.0,1.0,1.0,0.0,1.0,1.0,0.0,0.0,0.029315813444554806
329,1.0,1.0,1.0,0.0,0.0,1.0,0.0,0.0,0.0,0.0,0.12878559529781342
330,0.0,1.0,0.0,0.0,1.0,0.0,0.0,0.0,1.0,0.0,0.05995119735598564
331,0.0,1.0,0.0,0.0,1.0,0.0,1.0,1.0,0.0,0.0,0.025182999670505524
332,0.0,1.0,0.0,0.0,0.0,1.0,0.0,1.0,0.0,0.0,0.03137654718011618
333,0.0,1.0,1.0,0.0,0.0,0.0,1.0,0.0,1.0,1.0,0.0719537828117609
334,1.0,1.0,0.0,1.0,0.0,0.0,1.0,0.0,0.0,1.0,0.127513125538826
335,1.0,0.0,1.0,0.0,0.0,0.0,0.0,0.0,0.0,1.0,0.12106746435165405
336,1.0,0.0,1.0,1.0,1.0,0.0,1.0,1.0,0.0,0.0,0.12155145406723022
337,1.0,1.0,1.0,0.0,0.0,1.0,0.0,0.0,1.0,0.0,0.13128260895609856
338,1.0,1.0,0.0,0.0,0.0,0.0,1.0,1.0,0.0,1.0,0.12668143212795258
339,1.0,0.0,1.0,1.0,1.0,0.0,0.0,0.0,1.0,0.0,0.12307467684149742
340,0.0,1.0,0.0,0.0,1.0,0.0,1.0,0.0,0.0,0.0,0.024618093855679035
341,0.0,0.0,0.0,0.0,1.0,0.0,0.0,1.0,1.0,0.0,0.05375761725008488
342,0.0,0.0,0.0,0.0,1.0,0.0,1.0,0.0,1.0,0.0,0.05659337900578976
343,0.0,1.0,1.0,0.0,1.0,0.0,1.0,0.0,0.0,1.0,0.03684056177735329
344,1.0,1.0,1.0,1.0,1.0,1.0,1.0,0.0,1.0,1.0,0.1328093782067299
345,1.0,0.0,1.0,1.0,0.0,0.0,1.0,0.0,0.0,0.0,0.1207573190331459
346,0.0,1.0,1.0,1.0,1.0,1.0,1.0,1.0,1.0,1.0,0.07971718534827232
347,0.0,1.0,1.0,1.0,0.0,1.0,1.0,0.0,1.0,0.0,0.07297011837363243
348,1.0,1.0,1.0,0.0,0.0,1.0,1.0,0.0,1.0,1.0,0.1317722275853157
349,0.0,1.0,0.0,0.0,1.0,1.0,0.0,1.0,0.0,0.0,0.03250400070101023
350,0.0,1.0,0.0,1.0,0.0,1.0,0.0,0.0,1.0,0.0,0.06957436911761761
351,1.0,0.0,0.0,0.0,1.0,0.0,1.0,0.0,1.0,0.0,0.12303468957543373
352,1.0,1.0,1.0,1.0,1.0,1.0,0.0,0.0,0.0,0.0,0.12979741394519806
353,1.0,1.0,1.0,1.0,1.0,1.0,0.0,1.0,0.0,0.0,0.1298825778067112
354,1.0,1.0,0.0,0.0,1.0,0.0,0.0,1.0,1.0,1.0,0.12632092833518982
355,0.0,1.0,1.0,1.0,1.0,0.0,1.0,0.0,1.0,1.0,0.07336772046983242
356,1.0,0.0,1.0,1.0,1.0,1.0,1.0,1.0,0.0,1.0,0.1283581629395485
357,0.0,1.0,1.0,0.0,0.0,1.0,0.0,1.0,0.0,0.0,0.033000324852764606
358,1.0,0.0,0.0,0.0,1.0,1.0,0.0,1.0,0.0,0.0,0.12363120540976524
359,1.0,0.0,1.0,1.0,0.0,1.0,1.0,0.0,0.0,1.0,0.12807044386863708
360,1.0,0.0,1.0,0.0,1.0,0.0,1.0,0.0,0.0,1.0,0.12304140627384186
361,1.0,0.0,0.0,0.0,0.0,0.0,1.0,1.0,0.0,0.0,0.1195937730371952
362,0.0,1.0,0.0,1.0,1.0,1.0,0.0,1.0,0.0,1.0,0.04314456693828106
363,1.0,0.0,0.0,0.0,1.0,0.0,0.0,0.0,1.0,0.0,0.12171996012330055
364,0.0,1.0,0.0,1.0,1.0,0.0,0.0,0.0,1.0,0.0,0.06105164811015129
365,0.0,1.0,0.0,0.0,0.0,0.0,1.0,1.0,1.0,1.0,0.0709553025662899
366,1.0,1.0,0.0,1.0,0.0,1.0,0.0,1.0,1.0,0.0,0.1313544623553753
367,0.0,0.0,1.0,0.0,0.0,0.0,0.0,0.0,1.0,1.0,0.06391553021967411
368,1.0,0.0,1.0,0.0,1.0,0.0,1.0,0.0,0.0,0.0,0.12070241197943687
369,0.0,1.0,1.0,1.0,0.0,1.0,0.0,0.0,0.0,0.0,0.036952318623661995
370,1.0,1.0,0.0,1.0,1.0,0.0,1.0,1.0,0.0,0.0,0.12584562599658966
371,1.0,0.0,0.0,0.0,1.0,1.0,1.0,0.0,0.0,0.0,0.12492005527019501
372,0.0,1.0,0.0,0.0,1.0,0.0,1.0,0.0,0.0,1.0,0.035329580307006836
373,0.0,0.0,0.0,0.0,0.0,0.0,1.0,1.0,0.0,0.0,0.010046830400824547
374,1.0,1.0,1.0,0.0,1.0,0.0,0.0,0.0,0.0,1.0,0.1262216418981552
375,1.0,1.0,1.0,1.0,0.0,0.0,1.0,1.0,0.0,0.0,0.1262289583683014
376,1.0,1.0,0.0,0.0,0.0,1.0,1.0,1.0,0.0,1.0,0.1310015246272087
377,1.0,1.0,1.0,1.0,1.0,0.0,1.0,1.0,1.0,1.0,0.12896762043237686
378,1.0,0.0,0.0,1.0,0.0,1.0,0.0,1.0,0.0,0.0,0.124069694429636
379,0.0,1.0,0.0,1.0,1.0,0.0,0.0,0.0,0.0,1.0,0.03277293499559164
380,1.0,0.0,1.0,0.0,1.0,0.0,0.0,0.0,1.0,0.0,0.12235289439558983
381,0.0,1.0,0.0,0.0,1.0,0.0,0.0,0.0,0.0,1.0,0.03098404873162508
382,0.0,0.0,1.0,0.0,1.0,1.0,0.0,0.0,1.0,1.0,0.07195849902927876
383,1.0,0.0,0.0,1.0,0.0,0.0,1.0,1.0,0.0,1.0,0.12286527827382088
384,1.0,0.0,1.0,1.0,0.0,0.0,1.0,1.0,1.0,0.0,0.1237335056066513
385,0.0,0.0,1.0,0.0,1.0,0.0,0.0,1.0,1.0,1.0,0.06529319286346436
386,0.0,0.0,0.0,1.0,1.0,0.0,0.0,0.0,0.0,1.0,0.026764272712171078
387,1.0,1.0,0.0,0.0,0.0,0.0,1.0,0.0,1.0,1.0,0.12717389315366745
388,1.0,1.0,1.0,1.0,0.0,0.0,0.0,1.0,1.0,0.0,0.12782569602131844
389,1.0,1.0,1.0,0.0,1.0,1.0,0.0,1.0,0.0,0.0,0.1291574202477932
390,1.0,1.0,0.0,1.0,1.0,1.0,0.0,1.0,0.0,0.0,0.12921256944537163
391,1.0,0.0,1.0,0.0,1.0,0.0,0.0,0.0,1.0,1.0,0.12236728519201279
392,1.0,0.0,1.0,1.0,1.0,0.0,1.0,0.0,0.0,1.0,0.12395559251308441
393,1.0,1.0,0.0,1.0,0.0,1.0,1.0,1.0,1.0,1.0,0.1319151557981968
394,1.0,0.0,0.0,0.0,1.0,0.0,1.0,0.0,0.0,1.0,0.12245441228151321
395,0.0,0.0,0.0,1.0,0.0,1.0,0.0,1.0,0.0,1.0,0.03635861165821552
396,0.0,0.0,1.0,1.0,0.0,0.0,1.0,0.0,0.0,1.0,0.03157118055969477
397,0.0,0.0,1.0,1.0,1.0,0.0,1.0,1.0,1.0,0.0,0.059674834832549095
398,1.0,0.0,0.0,1.0,1.0,1.0,0.0,1.0,0.0,1.0,0.12654685229063034
399,0.0,1.0,0.0,0.0,1.0,0.0,0.0,0.0,0.0,0.0,0.017041780054569244
400,1.0,1.0,1.0,0.0,1.0,1.0,0.0,1.0,1.0,0.0,0.1315722055733204
401,0.0,1.0,1.0,1.0,0.0,1.0,0.0,0.0,1.0,1.0,0.07733804546296597
402,1.0,1.0,0.0,0.0,0.0,0.0,0.0,0.0,0.0,1.0,0.12522880733013153
403,1.0,1.0,1.0,1.0,0.0,1.0,1.0,0.0,0.0,0.0,0.13088475167751312
404,0.0,1.0,1.0,1.0,0.0,1.0,0.0,1.0,1.0,0.0,0.0709708109498024
405,0.0,0.0,1.0,0.0,0.0,1.0,1.0,1.0,1.0,1.0,0.073531873524189
406,0.0,1.0,1.0,0.0,0.0,1.0,0.0,0.0,0.0,1.0,0.04190991446375847
407,1.0,1.0,0.0,0.0,1.0,1.0,1.0,1.0,1.0,0.0,0.13207583874464035
408,1.0,0.0,0.0,1.0,0.0,1.0,0.0,0.0,1.0,1.0,0.12639804929494858
409,1.0,1.0,1.0,0.0,1.0,0.0,1.0,0.0,0.0,0.0,0.12566659227013588
410,1.0,0.0,1.0,1.0,1.0,1.0,0.0,1.0,0.0,1.0,0.12713384628295898
411,0.0,0.0,1.0,1.0,1.0,0.0,0.0,1.0,1.0,1.0,0.06630425900220871
412,0.0,1.0,1.0,1.0,1.0,0.0,0.0,1.0,1.0,0.0,0.0630293358117342
413,1.0,1.0,1.0,1.0,0.0,0.0,1.0,0.0,1.0,0.0,0.12896860763430595
414,1.0,1.0,0.0,0.0,1.0,0.0,0.0,0.0,1.0,0.0,0.126445684581995
415,1.0,1.0,0.0,0.0,1.0,0.0,1.0,1.0,1.0,0.0,0.12785235792398453
416,0.0,1.0,0.0,0.0,1.0,1.0,0.0,1.0,1.0,1.0,0.07564871944487095
417,1.0,0.0,0.0,0.0,0.0,1.0,0.0,0.0,0.0,1.0,0.12531032785773277
418,0.0,0.0,0.0,0.0,0.0,0.0,1.0,0.0,0.0,0.0,0.009461513720452785
419,1.0,1.0,0.0,0.0,1.0,0.0,0.0,0.0,0.0,1.0,0.12548228353261948
420,1.0,0.0,0.0,1.0,1.0,1.0,1.0,1.0,1.0,1.0,0.1278279311954975
421,0.0,0.0,0.0,1.0,1.0,0.0,1.0,0.0,1.0,0.0,0.0576938409358263
422,1.0,0.0,1.0,1.0,0.0,0.0,0.0,1.0,1.0,1.0,0.12276933342218399
423,0.0,0.0,1.0,0.0,1.0,1.0,0.0,1.0,0.0,0.0,0.025740365497767925
424,0.0,0.0,0.0,0.0,0.0,1.0,1.0,1.0,1.0,0.0,0.06372760236263275
425,0.0,1.0,1.0,0.0,1.0,1.0,1.0,0.0,0.0,1.0,0.045248692855238914
426,1.0,0.0,0.0,1.0,1.0,0.0,0.0,0.0,0.0,1.0,0.12199845165014267
427,1.0,0.0,0.0,0.0,1.0,1.0,1.0,0.0,1.0,1.0,0.1270056962966919
428,1.0,1.0,0.0,1.0,1.0,1.0,1.0,1.0,0.0,0.0,0.13050730526447296
429,1.0,1.0,0.0,1.0,1.0,0.0,1.0,1.0,0.0,1.0,0.12784910947084427
430,0.0,0.0,0.0,0.0,0.0,0.0,1.0,1.0,1.0,1.0,0.06595774181187153
431,0.0,1.0,1.0,1.0,1.0,1.0,0.0,1.0,1.0,1.0,0.0779265034943819
432,1.0,0.0,1.0,0.0,0.0,1.0,1.0,1.0,0.0,1.0,0.127190500497818
433,1.0,1.0,0.0,1.0,1.0,0.0,0.0,1.0,0.0,0.0,0.12447497993707657
434,0.0,1.0,1.0,0.0,0.0,0.0,0.0,1.0,0.0,0.0,0.019891570787876844
435,1.0,0.0,0.0,1.0,1.0,1.0,1.0,0.0,1.0,1.0,0.1278211772441864
436,1.0,1.0,1.0,1.0,1.0,0.0,0.0,1.0,1.0,0.0,0.1280522383749485
437,1.0,1.0,0.0,1.0,0.0,0.0,0.0,0.0,0.0,0.0,0.12400167062878609
438,0.0,0.0,1.0,0.0,0.0,1.0,0.0,1.0,0.0,1.0,0.0362648069858551
439,1.0,0.0,1.0,1.0,0.0,1.0,0.0,0.0,0.0,1.0,0.12681147828698158
440,0.0,0.0,0.0,0.0,1.0,0.0,0.0,1.0,0.0,1.0,0.025910479947924614
441,1.0,0.0,1.0,1.0,0.0,1.0,0.0,0.0,1.0,0.0,0.12719863280653954
442,1.0,0.0,1.0,1.0,0.0,1.0,0.0,0.0,0.0,0.0,0.12454655766487122
443,0.0,1.0,0.0,1.0,0.0,1.0,0.0,1.0,0.0,1.0,0.042367275804281235
444,0.0,0.0,0.0,0.0,1.0,1.0,0.0,1.0,1.0,0.0,0.062227021902799606
445,1.0,0.0,0.0,1.0,1.0,1.0,1.0,1.0,1.0,0.0,0.1280718892812729
446,1.0,0.0,0.0,1.0,0.0,1.0,0.0,1.0,0.0,1.0,0.12629334628582
447,1.0,1.0,0.0,0.0,1.0,1.0,0.0,0.0,1.0,1.0,0.13011331856250763
448,1.0,1.0,1.0,1.0,1.0,1.0,1.0,1.0,0.0,1.0,0.13290856033563614
449,0.0,0.0,0.0,1.0,0.0,0.0,1.0,1.0,1.0,1.0,0.06700628809630871
450,1.0,1.0,1.0,1.0,1.0,0.0,1.0,1.0,0.0,1.0,0.12858846783638
451,1.0,1.0,0.0,0.0,0.0,0.0,0.0,0.0,1.0,1.0,0.1259433701634407
452,1.0,0.0,0.0,0.0,1.0,0.0,1.0,1.0,0.0,1.0,0.12253689020872116
453,1.0,1.0,1.0,0.0,0.0,0.0,1.0,1.0,1.0,0.0,0.1283387839794159
454,1.0,1.0,0.0,0.0,1.0,0.0,1.0,1.0,0.0,0.0,0.12512047588825226
455,1.0,1.0,1.0,1.0,0.0,0.0,1.0,1.0,1.0,0.0,0.1290605515241623
456,0.0,1.0,1.0,0.0,0.0,0.0,0.0,0.0,0.0,0.0,0.017538104206323624
457,1.0,0.0,0.0,0.0,1.0,0.0,1.0,0.0,0.0,0.0,0.12014037743210793
458,0.0,1.0,1.0,1.0,1.0,1.0,1.0,1.0,0.0,1.0,0.04709958657622337
459,1.0,1.0,0.0,0.0,0.0,0.0,0.0,0.0,0.0,0.0,0.12327653542160988
460,0.0,0.0,1.0,0.0,0.0,0.0,1.0,0.0,0.0,1.0,0.029703390784561634
461,0.0,1.0,0.0,1.0,1.0,1.0,0.0,0.0,1.0,0.0,0.07010229863226414
462,1.0,1.0,0.0,0.0,1.0,0.0,1.0,0.0,0.0,1.0,0.12685243040323257
463,0.0,0.0,1.0,1.0,0.0,0.0,0.0,1.0,0.0,1.0,0.028148355893790722
464,0.0,0.0,0.0,1.0,0.0,1.0,1.0,0.0,0.0,1.0,0.03874064236879349
465,0.0,0.0,0.0,1.0,1.0,0.0,0.0,1.0,0.0,0.0,0.013592605013400316
466,0.0,0.0,1.0,1.0,1.0,1.0,1.0,1.0,0.0,1.0,0.04127500019967556
467,0.0,1.0,1.0,0.0,0.0,1.0,1.0,0.0,0.0,1.0,0.044471411034464836
468,1.0,0.0,1.0,0.0,0.0,0.0,1.0,1.0,1.0,1.0,0.12316099554300308
469,0.0,0.0,1.0,1.0,0.0,0.0,0.0,1.0,1.0,0.0,0.055250467732548714
470,0.0,1.0,0.0,1.0,0.0,1.0,1.0,0.0,0.0,0.0,0.038197554647922516
471,0.0,1.0,1.0,0.0,0.0,0.0,0.0,1.0,1.0,1.0,0.0696616880595684
472,0.0,1.0,0.0,0.0,0.0,0.0,1.0,0.0,0.0,0.0,0.023490640334784985
473,1.0,1.0,1.0,1.0,0.0,0.0,1.0,1.0,1.0,1.0,0.12874586135149002
474,0.0,1.0,0.0,0.0,1.0,0.0,0.0,1.0,0.0,0.0,0.019395246636122465
475,1.0,0.0,1.0,0.0,1.0,0.0,1.0,0.0,1.0,0.0,0.12366762384772301
476,0.0,1.0,0.0,0.0,0.0,1.0,0.0,1.0,1.0,0.0,0.06861966848373413
477,0.0,1.0,1.0,1.0,1.0,0.0,0.0,1.0,0.0,1.0,0.03521899878978729
478,0.0,1.0,0.0,0.0,0.0,1.0,0.0,0.0,1.0,0.0,0.06847392581403255
479,0.0,1.0,0.0,1.0,1.0,0.0,1.0,1.0,1.0,1.0,0.07236924394965172
480,0.0,1.0,0.0,0.0,0.0,1.0,1.0,0.0,1.0,0.0,0.07061897590756416
481,1.0,0.0,0.0,1.0,0.0,1.0,0.0,1.0,1.0,0.0,0.12662873789668083
482,1.0,0.0,1.0,1.0,0.0,1.0,1.0,1.0,0.0,0.0,0.1259264573454857
483,0.0,1.0,0.0,1.0,1.0,1.0,1.0,0.0,1.0,1.0,0.07835424318909645
484,0.0,0.0,1.0,0.0,1.0,0.0,0.0,0.0,0.0,0.0,0.010278144851326942
485,1.0,0.0,0.0,0.0,0.0,1.0,1.0,1.0,1.0,0.0,0.12712357193231583
486,0.0,0.0,0.0,1.0,1.0,1.0,1.0,1.0,0.0,1.0,0.03957994282245636
487,1.0,0.0,1.0,0.0,0.0,1.0,0.0,0.0,0.0,0.0,0.12382141500711441
488,1.0,1.0,1.0,0.0,1.0,0.0,0.0,0.0,1.0,0.0,0.12715866044163704
489,0.0,0.0,1.0,1.0,1.0,1.0,0.0,1.0,0.0,1.0,0.0388309620320797
490,0.0,1.0,1.0,0.0,0.0,0.0,1.0,1.0,0.0,1.0,0.03648960962891579
491,1.0,1.0,1.0,1.0,1.0,1.0,0.0,1.0,1.0,0.0,0.1322939656674862
492,1.0,1.0,1.0,1.0,1.0,1.0,0.0,1.0,0.0,1.0,0.13168424367904663
493,0.0,0.0,1.0,0.0,1.0,1.0,0.0,0.0,1.0,0.0,0.06370467506349087
494,1.0,1.0,0.0,1.0,1.0,0.0,1.0,1.0,1.0,0.0,0.12857413291931152
495,1.0,1.0,1.0,1.0,1.0,0.0,1.0,0.0,0.0,0.0,0.12639174982905388
496,0.0,1.0,1.0,0.0,1.0,0.0,0.0,1.0,1.0,1.0,0.07006456702947617
497,1.0,1.0,0.0,1.0,1.0,1.0,1.0,0.0,1.0,0.0,0.13279277458786964
498,1.0,1.0,0.0,0.0,1.0,1.0,1.0,1.0,1.0,1.0,0.13132144883275032
499,0.0,0.0,0.0,0.0,1.0,1.0,1.0,0.0,1.0,0.0,0.06422632932662964
500,1.0,0.0,1.0,1.0,0.0,1.0,1.0,0.0,1.0,0.0,0.128473449498415
501,0.0,1.0,0.0,1.0,1.0,1.0,1.0,0.0,1.0,0.0,0.07224734872579575
502,0.0,1.0,0.0,1.0,0.0,0.0,1.0,1.0,1.0,1.0,0.07196635380387306
503,1.0,1.0,1.0,1.0,1.0,1.0,1.0,1.0,0.0,0.0,0.13117731362581253
504,1.0,1.0,0.0,1.0,0.0,0.0,1.0,0.0,1.0,0.0,0.12825564667582512
505,1.0,0.0,0.0,1.0,1.0,0.0,1.0,0.0,0.0,0.0,0.12086553499102592
506,0.0,1.0,0.0,0.0,1.0,1.0,1.0,0.0,0.0,0.0,0.03519219998270273
507,0.0,0.0,1.0,0.0,1.0,1.0,0.0,1.0,1.0,1.0,0.07214407064020634
508,0.0,1.0,0.0,1.0,0.0,0.0,1.0,0.0,1.0,0.0,0.06408646889030933
509,1.0,1.0,1.0,0.0,0.0,1.0,1.0,1.0,0.0,0.0,0.1301654949784279
510,0.0,1.0,0.0,1.0,1.0,1.0,0.0,1.0,0.0,0.0,0.03663681447505951
511,1.0,1.0,0.0,1.0,1.0,1.0,0.0,0.0,1.0,0.0,0.1315179578959942
512,1.0,1.0,1.0,0.0,1.0,0.0,0.0,1.0,1.0,1.0,0.1270001381635666
513,1.0,1.0,1.0,1.0,0.0,0.0,1.0,0.0,1.0,1.0,0.12866848707199097
514,1.0,1.0,0.0,0.0,0.0,1.0,0.0,1.0,1.0,0.0,0.1306326873600483
515,0.0,0.0,0.0,0.0,0.0,0.0,0.0,0.0,1.0,1.0,0.06286094151437283
516,0.0,1.0,0.0,1.0,0.0,1.0,0.0,1.0,0.0,0.0,0.03550935536623001
517,1.0,1.0,0.0,0.0,1.0,0.0,1.0,0.0,0.0,0.0,0.12499659135937691
518,0.0,1.0,0.0,0.0,0.0,1.0,0.0,0.0,0.0,1.0,0.04039893299341202
519,1.0,1.0,1.0,1.0,1.0,1.0,0.0,1.0,1.0,1.0,0.1316915638744831
520,1.0,1.0,0.0,1.0,1.0,0.0,1.0,0.0,1.0,1.0,0.12821102887392044
521,1.0,0.0,0.0,0.0,1.0,1.0,0.0,1.0,1.0,0.0,0.1261335052549839
522,0.0,0.0,0.0,1.0,1.0,1.0,0.0,0.0,1.0,0.0,0.06318174116313457
523,0.0,0.0,0.0,0.0,1.0,0.0,1.0,0.0,0.0,1.0,0.02932092919945717
524,1.0,0.0,1.0,0.0,0.0,1.0,0.0,0.0,1.0,1.0,0.12609389424324036
525,0.0,1.0,1.0,0.0,0.0,1.0,0.0,1.0,1.0,1.0,0.07651256583631039
526,0.0,0.0,0.0,1.0,1.0,0.0,0.0,1.0,0.0,1.0,0.02769935503602028
527,0.0,0.0,0.0,1.0,0.0,0.0,0.0,0.0,1.0,0.0,0.05276983045041561
528,0.0,1.0,0.0,0.0,0.0,1.0,0.0,1.0,1.0,1.0,0.07524584047496319
529,0.0,1.0,1.0,0.0,1.0,1.0,1.0,0.0,1.0,0.0,0.07239760458469391
530,0.0,0.0,1.0,1.0,1.0,0.0,0.0,1.0,0.0,1.0,0.02939441241323948
531,0.0,0.0,0.0,1.0,0.0,1.0,1.0,0.0,1.0,1.0,0.07332424074411392
532,0.0,1.0,0.0,1.0,1.0,1.0,0.0,0.0,0.0,0.0,0.03645600005984306
533,1.0,0.0,0.0,0.0,1.0,1.0,0.0,1.0,0.0,1.0,0.1256326660513878
534,1.0,0.0,1.0,1.0,1.0,1.0,0.0,0.0,0.0,1.0,0.12706498429179192
535,1.0,0.0,1.0,0.0,1.0,1.0,0.0,1.0,1.0,0.0,0.12676643952727318
536,1.0,1.0,0.0,0.0,1.0,1.0,1.0,0.0,1.0,0.0,0.13207099959254265
537,1.0,0.0,0.0,1.0,1.0,1.0,1.0,0.0,0.0,1.0,0.12773695588111877
538,1.0,1.0,1.0,1.0,1.0,0.0,1.0,0.0,1.0,0.0,0.12919514998793602
539,1.0,0.0,1.0,1.0,0.0,1.0,0.0,0.0,1.0,1.0,0.1269092932343483
540,1.0,0.0,1.0,0.0,0.0,1.0,0.0,1.0,0.0,0.0,0.12390657886862755
541,1.0,0.0,0.0,1.0,1.0,1.0,0.0,0.0,1.0,1.0,0.12661980092525482
542,0.0,0.0,0.0,1.0,1.0,0.0,1.0,0.0,0.0,0.0,0.018815452232956886
543,1.0,1.0,1.0,0.0,0.0,0.0,0.0,0.0,1.0,1.0,0.12662257254123688
544,0.0,0.0,0.0,1.0,1.0,0.0,0.0,1.0,1.0,1.0,0.06518179550766945
545,0.0,0.0,1.0,0.0,1.0,1.0,1.0,0.0,0.0,0.0,0.02842856477946043
546,1.0,0.0,0.0,1.0,1.0,0.0,1.0,0.0,0.0,1.0,0.12336859852075577
547,1.0,1.0,1.0,0.0,0.0,0.0,0.0,0.0,0.0,1.0,0.12596816569566727
548,1.0,1.0,0.0,1.0,0.0,1.0,0.0,0.0,1.0,0.0,0.13129141554236412
549,0.0,0.0,0.0,1.0,1.0,0.0,1.0,0.0,1.0,1.0,0.06747389025986195
550,0.0,1.0,0.0,1.0,0.0,1.0,1.0,1.0,1.0,1.0,0.07804757356643677
551,1.0,1.0,1.0,0.0,0.0,1.0,1.0,1.0,1.0,1.0,0.13177898153662682
552,0.0,1.0,1.0,1.0,0.0,1.0,0.0,1.0,1.0,1.0,0.07752361707389355
553,0.0,0.0,1.0,1.0,1.0,0.0,0.0,1.0,1.0,0.0,0.05648144520819187
554,1.0,1.0,0.0,1.0,0.0,0.0,0.0,0.0,0.0,1.0,0.1261429786682129
555,1.0,0.0,0.0,0.0,1.0,0.0,1.0,1.0,1.0,1.0,0.12316393852233887
556,0.0,1.0,0.0,1.0,0.0,1.0,0.0,1.0,1.0,1.0,0.07625689171254635
557,0.0,1.0,1.0,0.0,1.0,0.0,1.0,0.0,1.0,1.0,0.07235666178166866
558,0.0,0.0,0.0,1.0,0.0,0.0,1.0,1.0,0.0,0.0,0.014714842196553946
559,0.0,1.0,1.0,0.0,0.0,0.0,0.0,1.0,1.0,0.0,0.061400970444083214
560,1.0,1.0,0.0,0.0,0.0,1.0,1.0,1.0,1.0,1.0,0.13109977915883064
561,1.0,1.0,1.0,1.0,1.0,0.0,0.0,0.0,0.0,1.0,0.12713584303855896
562,0.0,0.0,1.0,1.0,0.0,1.0,1.0,1.0,0.0,1.0,0.040497709065675735
563,0.0,0.0,0.0,0.0,1.0,0.0,0.0,0.0,1.0,0.0,0.053030628710985184
564,1.0,0.0,0.0,1.0,0.0,1.0,1.0,0.0,0.0,1.0,0.12748344987630844
565,1.0,0.0,1.0,0.0,0.0,1.0,1.0,1.0,1.0,0.0,0.1277565062046051
566,0.0,1.0,1.0,0.0,1.0,0.0,0.0,0.0,1.0,0.0,0.061201903969049454
567,1.0,1.0,0.0,0.0,0.0,1.0,1.0,1.0,1.0,0.0,0.13184929639101028
568,1.0,1.0,0.0,0.0,0.0,0.0,0.0,1.0,1.0,0.0,0.1263909600675106
569,0.0,0.0,0.0,0.0,1.0,0.0,1.0,0.0,1.0,1.0,0.06646282784640789
570,1.0,0.0,1.0,0.0,0.0,0.0,0.0,0.0,1.0,1.0,0.12184081599116325
571,0.0,0.0,1.0,0.0,1.0,1.0,1.0,0.0,0.0,1.0,0.039424121379852295
572,1.0,0.0,1.0,0.0,1.0,0.0,1.0,0.0,1.0,1.0,0.12359780818223953
573,0.0,0.0,0.0,1.0,0.0,0.0,1.0,0.0,0.0,0.0,0.014129525516182184
574,1.0,0.0,1.0,1.0,1.0,0.0,0.0,0.0,0.0,0.0,0.11999417468905449
575,0.0,1.0,1.0,0.0,1.0,1.0,0.0,1.0,1.0,1.0,0.07691544480621815
576,1.0,0.0,0.0,1.0,1.0,0.0,1.0,0.0,1.0,0.0,0.12375646457076073
577,1.0,0.0,1.0,0.0,1.0,1.0,1.0,0.0,0.0,1.0,0.12740976363420486
578,0.0,0.0,1.0,1.0,1.0,1.0,0.0,1.0,1.0,0.0,0.0649508498609066
579,1.0,0.0,0.0,1.0,1.0,1.0,0.0,1.0,1.0,0.0,0.1268552802503109
580,0.0,0.0,1.0,0.0,1.0,0.0,0.0,1.0,0.0,0.0,0.012631611432880163
581,0.0,0.0,0.0,0.0,0.0,1.0,1.0,0.0,0.0,0.0,0.02412930433638394
582,1.0,1.0,1.0,0.0,0.0,1.0,0.0,1.0,0.0,0.0,0.12887075915932655
583,0.0,1.0,1.0,1.0,0.0,1.0,0.0,1.0,0.0,1.0,0.043878255411982536
584,0.0,0.0,1.0,1.0,0.0,0.0,0.0,0.0,0.0,1.0,0.027121455408632755
585,1.0,1.0,1.0,1.0,1.0,0.0,1.0,0.0,0.0,1.0,0.12850598990917206
586,0.0,1.0,0.0,0.0,1.0,1.0,1.0,1.0,0.0,0.0,0.03519819583743811
587,1.0,1.0,1.0,1.0,1.0,1.0,0.0,0.0,1.0,0.0,0.13223091885447502
588,1.0,1.0,1.0,0.0,0.0,0.0,1.0,0.0,1.0,1.0,0.12785309553146362
589,0.0,0.0,1.0,0.0,0.0,1.0,1.0,1.0,1.0,0.0,0.06535100191831589
590,0.0,0.0,1.0,1.0,0.0,0.0,1.0,1.0,1.0,0.0,0.05849204584956169
591,0.0,1.0,1.0,0.0,1.0,0.0,1.0,1.0,0.0,0.0,0.02680677641183138
592,1.0,1.0,1.0,0.0,1.0,1.0,1.0,1.0,1.0,1.0,0.1320006586611271
593,0.0,0.0,0.0,1.0,1.0,1.0,0.0,1.0,0.0,1.0,0.037135904654860497
594,1.0,0.0,0.0,0.0,0.0,1.0,1.0,1.0,0.0,1.0,0.12660350650548935
595,0.0,0.0,0.0,0.0,0.0,1.0,1.0,1.0,0.0,0.0,0.024135300191119313
596,0.0,1.0,1.0,1.0,0.0,1.0,1.0,1.0,1.0,0.0,0.07299931719899178
597,0.0,1.0,1.0,1.0,1.0,1.0,1.0,1.0,1.0,0.0,0.0735272467136383
598,0.0,1.0,1.0,0.0,1.0,1.0,0.0,1.0,0.0,0.0,0.03412777744233608
599,0.0,0.0,1.0,0.0,0.0,1.0,1.0,0.0,1.0,1.0,0.07343565300107002
600,1.0,0.0,1.0,1.0,0.0,0.0,1.0,0.0,1.0,1.0,0.12382221221923828
601,0.0,1.0,1.0,0.0,0.0,1.0,0.0,1.0,0.0,1.0,0.04208938032388687
602,1.0,1.0,0.0,1.0,0.0,1.0,1.0,0.0,1.0,1.0,0.13190840184688568
603,0.0,1.0,0.0,0.0,0.0,1.0,1.0,1.0,1.0,0.0,0.07064817473292351
604,0.0,0.0,0.0,0.0,1.0,0.0,0.0,0.0,1.0,1.0,0.06367550790309906
605,0.0,0.0,1.0,1.0,1.0,1.0,1.0,1.0,0.0,0.0,0.03256736695766449
606,0.0,1.0,1.0,1.0,0.0,0.0,0.0,0.0,0.0,1.0,0.03350662346929312
607,0.0,1.0,0.0,0.0,1.0,0.0,1.0,0.0,1.0,0.0,0.06351394765079021
608,1.0,1.0,1.0,0.0,1.0,1.0,0.0,1.0,1.0,1.0,0.1308760903775692
609,1.0,0.0,0.0,0.0,1.0,1.0,0.0,1.0,1.0,1.0,0.12588788196444511
610,0.0,0.0,0.0,1.0,0.0,0.0,1.0,0.0,1.0,1.0,0.06673645041882992
611,1.0,1.0,0.0,0.0,1.0,0.0,1.0,0.0,1.0,0.0,0.1277604140341282
612,1.0,1.0,0.0,0.0,1.0,0.0,1.0,1.0,1.0,1.0,0.12747293710708618
613,1.0,1.0,0.0,0.0,1.0,1.0,0.0,1.0,1.0,1.0,0.13019688054919243
614,0.0,1.0,1.0,1.0,0.0,0.0,0.0,0.0,1.0,0.0,0.061774417757987976
615,0.0,1.0,1.0,1.0,1.0,0.0,1.0,1.0,1.0,0.0,0.06622272543609142
616,1.0,1.0,1.0,1.0,0.0,1.0,1.0,1.0,0.0,0.0,0.1308906376361847
617,1.0,0.0,0.0,1.0,1.0,1.0,0.0,1.0,1.0,1.0,0.12670336291193962
618,0.0,0.0,0.0,1.0,1.0,0.0,0.0,0.0,0.0,0.0,0.011239138431847095
619,1.0,0.0,0.0,1.0,1.0,1.0,1.0,0.0,1.0,0.0,0.1280670501291752
620,0.0,1.0,0.0,0.0,0.0,0.0,1.0,0.0,1.0,0.0,0.06298602558672428
621,0.0,0.0,1.0,0.0,1.0,0.0,0.0,1.0,0.0,1.0,0.027605541050434113
622,0.0,1.0,1.0,1.0,1.0,0.0,1.0,1.0,1.0,1.0,0.07363596558570862
623,1.0,0.0,1.0,1.0,0.0,1.0,1.0,0.0,1.0,1.0,0.12811066955327988
624,0.0,0.0,0.0,0.0,1.0,1.0,1.0,1.0,0.0,1.0,0.037791067734360695
625,1.0,1.0,0.0,0.0,0.0,0.0,1.0,0.0,0.0,0.0,0.12470993027091026
626,1.0,1.0,0.0,0.0,1.0,0.0,0.0,0.0,1.0,1.0,0.12616503983736038
627,0.0,1.0,1.0,0.0,0.0,0.0,1.0,0.0,0.0,1.0,0.03606327995657921
628,0.0,1.0,0.0,0.0,1.0,1.0,0.0,0.0,0.0,1.0,0.041176214814186096
629,0.0,0.0,0.0,1.0,1.0,1.0,1.0,0.0,0.0,0.0,0.029389558359980583
630,0.0,1.0,0.0,1.0,1.0,1.0,1.0,1.0,0.0,1.0,0.04558860510587692
631,1.0,1.0,1.0,0.0,0.0,0.0,0.0,1.0,0.0,0.0,0.1241331696510315
632,0.0,1.0,0.0,1.0,0.0,1.0,0.0,1.0,1.0,0.0,0.06972011178731918
633,1.0,1.0,1.0,1.0,0.0,0.0,0.0,0.0,1.0,0.0,0.12765387818217278
634,0.0,1.0,1.0,0.0,0.0,1.0,0.0,1.0,1.0,0.0,0.06987037509679794
635,0.0,0.0,0.0,0.0,1.0,1.0,0.0,0.0,1.0,1.0,0.07083603926002979
636,0.0,0.0,0.0,1.0,0.0,0.0,1.0,0.0,0.0,1.0,0.029815548099577427
637,1.0,0.0,0.0,0.0,0.0,0.0,0.0,0.0,1.0,1.0,0.12125369533896446
638,1.0,0.0,1.0,1.0,0.0,0.0,0.0,0.0,1.0,1.0,0.12261788919568062
639,0.0,0.0,0.0,1.0,0.0,1.0,0.0,1.0,1.0,0.0,0.06279955804347992
640,1.0,1.0,1.0,1.0,0.0,1.0,0.0,1.0,1.0,0.0,0.13206742331385612
641,0.0,1.0,1.0,0.0,1.0,1.0,0.0,0.0,0.0,0.0,0.03394696302711964
642,1.0,1.0,0.0,1.0,1.0,0.0,0.0,1.0,0.0,1.0,0.12655482441186905
643,1.0,1.0,0.0,1.0,1.0,1.0,1.0,1.0,0.0,1.0,0.1321692019701004
644,0.0,0.0,1.0,1.0,0.0,1.0,1.0,1.0,0.0,0.0,0.031439910642802715
645,0.0,1.0,0.0,1.0,1.0,0.0,0.0,1.0,0.0,1.0,0.03370801731944084
646,0.0,0.0,1.0,1.0,0.0,1.0,1.0,0.0,0.0,0.0,0.03143391478806734
647,1.0,0.0,1.0,1.0,1.0,1.0,0.0,1.0,1.0,1.0,0.12721460685133934
648,1.0,1.0,1.0,1.0,1.0,1.0,1.0,1.0,1.0,0.0,0.13351057469844818
649,0.0,1.0,1.0,1.0,0.0,1.0,1.0,0.0,1.0,1.0,0.079218078404665
650,1.0,0.0,1.0,0.0,1.0,0.0,1.0,1.0,0.0,0.0,0.12082629650831223
651,1.0,1.0,0.0,0.0,0.0,1.0,0.0,0.0,0.0,0.0,0.12811559438705444
652,0.0,1.0,0.0,0.0,0.0,0.0,1.0,1.0,1.0,0.0,0.06334365345537663
653,0.0,0.0,1.0,0.0,1.0,1.0,1.0,0.0,1.0,1.0,0.07383853197097778
654,0.0,0.0,0.0,0.0,1.0,1.0,1.0,0.0,0.0,1.0,0.037729060277342796
655,0.0,1.0,0.0,1.0,0.0,0.0,0.0,1.0,0.0,0.0,0.02240060130134225
656,1.0,1.0,0.0,0.0,1.0,1.0,0.0,1.0,1.0,0.0,0.13085922971367836
657,0.0,1.0,0.0,0.0,1.0,1.0,0.0,1.0,0.0,1.0,0.0413556806743145
658,1.0,0.0,0.0,1.0,0.0,1.0,0.0,1.0,1.0,1.0,0.12648161128163338
659,1.0,1.0,0.0,0.0,0.0,0.0,0.0,1.0,0.0,1.0,0.12538714706897736
660,0.0,1.0,1.0,0.0,1.0,0.0,1.0,0.0,0.0,0.0,0.02624187059700489
661,0.0,1.0,0.0,1.0,1.0,0.0,1.0,0.0,0.0,0.0,0.028750907629728317
662,0.0,0.0,1.0,0.0,1.0,1.0,1.0,1.0,0.0,0.0,0.028434560634195805
663,0.0,1.0,0.0,1.0,0.0,0.0,1.0,0.0,1.0,1.0,0.07169810868799686
664,0.0,1.0,1.0,0.0,0.0,0.0,1.0,1.0,1.0,0.0,0.06459436006844044
665,0.0,1.0,1.0,1.0,1.0,0.0,1.0,1.0,0.0,1.0,0.039055777713656425
666,1.0,0.0,1.0,1.0,0.0,1.0,0.0,1.0,1.0,1.0,0.1269928552210331
667,0.0,1.0,0.0,0.0,1.0,1.0,0.0,0.0,1.0,1.0,0.07546314783394337
668,0.0,0.0,0.0,1.0,0.0,1.0,1.0,1.0,0.0,0.0,0.028268102556467056
669,1.0,1.0,0.0,1.0,1.0,0.0,1.0,0.0,1.0,0.0,0.12848218902945518
670,0.0,0.0,0.0,0.0,0.0,0.0,1.0,0.0,1.0,1.0,0.06568790413439274
671,0.0,1.0,0.0,1.0,0.0,1.0,1.0,1.0,1.0,0.0,0.07174861803650856
672,1.0,0.0,0.0,1.0,1.0,1.0,1.0,1.0,0.0,0.0,0.12565109878778458
673,0.0,1.0,0.0,1.0,0.0,0.0,1.0,1.0,1.0,0.0,0.06444409675896168
674,0.0,1.0,1.0,0.0,1.0,0.0,1.0,1.0,1.0,0.0,0.06512228213250637
675,0.0,1.0,1.0,1.0,1.0,1.0,1.0,0.0,1.0,1.0,0.07962096482515335
676,0.0,1.0,0.0,1.0,0.0,0.0,0.0,0.0,1.0,0.0,0.06052371859550476
677,0.0,0.0,1.0,0.0,0.0,0.0,0.0,0.0,0.0,1.0,0.025253665633499622
678,1.0,1.0,0.0,0.0,1.0,1.0,1.0,1.0,0.0,0.0,0.12978215515613556
679,0.0,0.0,1.0,0.0,1.0,0.0,0.0,1.0,1.0,0.0,0.055381013080477715
680,0.0,1.0,1.0,1.0,0.0,0.0,1.0,1.0,1.0,0.0,0.06569479592144489
681,1.0,1.0,0.0,0.0,0.0,1.0,1.0,0.0,0.0,0.0,0.12948960810899734
682,1.0,1.0,0.0,1.0,1.0,0.0,0.0,1.0,1.0,0.0,0.12733927741646767
683,1.0,1.0,0.0,1.0,1.0,1.0,0.0,0.0,0.0,0.0,0.1291274055838585
684,0.0,1.0,1.0,1.0,1.0,1.0,0.0,0.0,1.0,1.0,0.07774093188345432
685,1.0,0.0,1.0,0.0,0.0,0.0,1.0,1.0,0.0,1.0,0.12253845110535622
686,0.0,0.0,0.0,0.0,0.0,1.0,1.0,1.0,0.0,1.0,0.037013779394328594
687,0.0,1.0,0.0,1.0,0.0,1.0,0.0,0.0,0.0,1.0,0.04218780994415283
688,1.0,1.0,0.0,1.0,1.0,1.0,0.0,1.0,0.0,1.0,0.1309448853135109
689,0.0,1.0,1.0,1.0,0.0,1.0,0.0,0.0,0.0,1.0,0.043698789551854134
690,0.0,1.0,0.0,1.0,0.0,0.0,0.0,0.0,0.0,0.0,0.020047134719789028
691,1.0,1.0,0.0,1.0,1.0,0.0,0.0,1.0,1.0,1.0,0.12713639438152313
692,1.0,1.0,0.0,0.0,0.0,0.0,1.0,1.0,0.0,0.0,0.12483381479978561
693,1.0,1.0,0.0,1.0,0.0,1.0,0.0,1.0,0.0,1.0,0.13069137930870056
694,1.0,0.0,1.0,1.0,0.0,0.0,1.0,0.0,1.0,0.0,0.12365680560469627
695,0.0,0.0,0.0,0.0,0.0,1.0,1.0,0.0,0.0,1.0,0.036951771937310696
696,0.0,0.0,1.0,0.0,0.0,1.0,1.0,1.0,0.0,0.0,0.027307105250656605
697,0.0,0.0,1.0,1.0,0.0,1.0,0.0,0.0,0.0,1.0,0.03787420503795147
698,0.0,1.0,0.0,0.0,1.0,1.0,1.0,0.0,1.0,0.0,0.0711468979716301
699,1.0,1.0,0.0,1.0,1.0,0.0,1.0,0.0,0.0,1.0,0.12776663154363632
700,0.0,1.0,1.0,1.0,0.0,0.0,1.0,1.0,0.0,1.0,0.03827848471701145
701,1.0,1.0,0.0,1.0,1.0,1.0,1.0,0.0,0.0,0.0,0.1305014193058014
702,0.0,0.0,0.0,1.0,1.0,1.0,1.0,1.0,1.0,1.0,0.07382335513830185
703,1.0,1.0,1.0,1.0,0.0,0.0,1.0,0.0,0.0,0.0,0.12610507383942604
704,1.0,1.0,1.0,0.0,1.0,1.0,1.0,0.0,1.0,1.0,0.13199390470981598
705,1.0,1.0,0.0,1.0,0.0,0.0,0.0,1.0,0.0,1.0,0.12630131840705872
706,1.0,0.0,1.0,0.0,0.0,1.0,1.0,1.0,0.0,0.0,0.12520131468772888
707,1.0,0.0,1.0,1.0,0.0,1.0,1.0,1.0,1.0,0.0,0.1284782886505127
708,0.0,0.0,0.0,0.0,1.0,1.0,0.0,0.0,1.0,0.0,0.06208127923309803
709,0.0,1.0,1.0,1.0,0.0,1.0,1.0,1.0,1.0,1.0,0.07931429892778397
710,1.0,1.0,1.0,1.0,1.0,0.0,0.0,0.0,1.0,1.0,0.12765972316265106
711,0.0,1.0,1.0,0.0,1.0,1.0,1.0,1.0,0.0,1.0,0.04531070031225681
712,0.0,1.0,0.0,1.0,0.0,0.0,1.0,1.0,0.0,1.0,0.03676750510931015
713,1.0,0.0,1.0,0.0,1.0,0.0,1.0,1.0,1.0,0.0,0.12375956773757935
714,1.0,1.0,0.0,1.0,1.0,1.0,1.0,1.0,1.0,1.0,0.13213691487908363
715,1.0,1.0,1.0,1.0,1.0,0.0,1.0,1.0,0.0,0.0,0.12651563435792923
716,1.0,0.0,1.0,0.0,0.0,1.0,0.0,0.0,1.0,0.0,0.12647685036063194
717,1.0,0.0,1.0,0.0,1.0,1.0,0.0,0.0,1.0,0.0,0.126703392714262
718,1.0,0.0,0.0,1.0,0.0,1.0,1.0,1.0,0.0,0.0,0.12536443024873734
719,0.0,0.0,1.0,0.0,1.0,0.0,1.0,0.0,0.0,1.0,0.031015990301966667
720,1.0,0.0,0.0,0.0,1.0,0.0,0.0,0.0,0.0,0.0,0.11870698258280754
721,0.0,0.0,0.0,0.0,0.0,1.0,0.0,0.0,0.0,0.0,0.021260290639474988
722,1.0,0.0,0.0,0.0,0.0,0.0,1.0,0.0,1.0,1.0,0.12245801836252213
723,1.0,1.0,0.0,0.0,0.0,1.0,1.0,0.0,1.0,0.0,0.13184445723891258
724,1.0,0.0,1.0,1.0,0.0,1.0,0.0,1.0,0.0,1.0,0.12688034027814865
725,1.0,0.0,1.0,0.0,0.0,0.0,0.0,1.0,1.0,1.0,0.12199226021766663
726,1.0,0.0,1.0,1.0,1.0,0.0,0.0,1.0,1.0,0.0,0.12324649468064308
727,1.0,1.0,1.0,1.0,0.0,0.0,0.0,0.0,0.0,1.0,0.12688233703374863
728,0.0,1.0,1.0,1.0,1.0,0.0,1.0,0.0,0.0,1.0,0.03862944804131985
729,1.0,1.0,0.0,1.0,1.0,1.0,0.0,0.0,1.0,1.0,0.13092878460884094
730,1.0,0.0,0.0,0.0,1.0,1.0,1.0,0.0,1.0,0.0,0.1273452751338482
731,0.0,1.0,0.0,1.0,1.0,1.0,1.0,1.0,0.0,0.0,0.03933100961148739
732,0.0,1.0,0.0,0.0,0.0,1.0,1.0,1.0,0.0,1.0,0.043022437021136284
733,0.0,1.0,0.0,0.0,0.0,1.0,1.0,1.0,0.0,0.0,0.034070742316544056
734,1.0,1.0,1.0,0.0,1.0,1.0,0.0,0.0,1.0,1.0,0.1307925283908844
735,1.0,1.0,1.0,0.0,0.0,0.0,0.0,1.0,1.0,0.0,0.12710392847657204
736,1.0,0.0,0.0,0.0,1.0,1.0,1.0,1.0,0.0,1.0,0.1268569827079773
737,0.0,0.0,0.0,1.0,0.0,1.0,0.0,0.0,1.0,0.0,0.06265381537377834
738,1.0,0.0,1.0,1.0,1.0,1.0,1.0,0.0,1.0,0.0,0.12869999185204506
739,1.0,0.0,0.0,1.0,0.0,0.0,0.0,1.0,1.0,1.0,0.1221822202205658
740,1.0,1.0,1.0,0.0,0.0,0.0,0.0,1.0,1.0,1.0,0.12677846103906631
741,0.0,1.0,0.0,0.0,0.0,0.0,1.0,1.0,0.0,1.0,0.034978628158569336
742,0.0,0.0,1.0,1.0,0.0,1.0,0.0,0.0,1.0,1.0,0.07256667874753475
743,1.0,0.0,1.0,1.0,0.0,0.0,1.0,1.0,1.0,1.0,0.12393806874752045
744,1.0,0.0,0.0,1.0,0.0,1.0,0.0,0.0,0.0,1.0,0.12622448429465294
745,0.0,0.0,1.0,1.0,0.0,0.0,1.0,0.0,0.0,0.0,0.019363192841410637
746,0.0,0.0,1.0,0.0,1.0,0.0,1.0,0.0,0.0,0.0,0.017854458652436733
747,1.0,1.0,1.0,0.0,1.0,1.0,0.0,0.0,0.0,0.0,0.12907225638628006
748,1.0,1.0,0.0,0.0,1.0,1.0,1.0,0.0,1.0,1.0,0.1313146948814392
749,0.0,0.0,0.0,0.0,1.0,1.0,1.0,1.0,1.0,1.0,0.0728122927248478
750,0.0,0.0,0.0,0.0,1.0,1.0,1.0,1.0,0.0,0.0,0.025262754410505295
751,0.0,0.0,1.0,0.0,1.0,0.0,1.0,1.0,0.0,1.0,0.031442319974303246
752,1.0,1.0,0.0,1.0,0.0,0.0,1.0,1.0,0.0,1.0,0.12759560346603394
753,1.0,1.0,0.0,0.0,0.0,1.0,0.0,0.0,1.0,0.0,0.13056964054703712
754,0.0,0.0,0.0,1.0,0.0,1.0,1.0,1.0,1.0,0.0,0.0648280642926693
755,0.0,0.0,1.0,0.0,1.0,1.0,1.0,1.0,1.0,0.0,0.06587892398238182
756,0.0,1.0,1.0,0.0,0.0,1.0,1.0,0.0,1.0,1.0,0.07820702716708183
757,0.0,1.0,0.0,0.0,0.0,0.0,0.0,1.0,0.0,1.0,0.031141849234700203
758,1.0,0.0,1.0,1.0,1.0,1.0,1.0,1.0,1.0,0.0,0.12870483100414276
759,1.0,1.0,1.0,0.0,0.0,0.0,1.0,1.0,0.0,0.0,0.1255038157105446
760,0.0,1.0,0.0,1.0,1.0,0.0,0.0,0.0,1.0,1.0,0.06931367889046669
761,1.0,1.0,1.0,0.0,0.0,1.0,0.0,0.0,0.0,1.0,0.13044770434498787
762,1.0,1.0,1.0,1.0,1.0,1.0,0.0,0.0,0.0,1.0,0.13161538168787956
763,0.0,1.0,0.0,0.0,1.0,1.0,1.0,1.0,1.0,1.0,0.07743940129876137
764,1.0,0.0,0.0,1.0,0.0,0.0,1.0,1.0,1.0,0.0,0.12307456135749817
765,1.0,0.0,0.0,0.0,1.0,0.0,0.0,1.0,0.0,1.0,0.12124260514974594
766,0.0,1.0,0.0,1.0,1.0,0.0,1.0,0.0,1.0,0.0,0.06461439840495586
767,0.0,0.0,1.0,1.0,1.0,0.0,0.0,0.0,0.0,1.0,0.028459330089390278
768,0.0,0.0,0.0,0.0,1.0,0.0,0.0,0.0,0.0,1.0,0.024975397624075413
769,0.0,1.0,1.0,1.0,1.0,1.0,0.0,0.0,0.0,1.0,0.04447608254849911
770,1.0,1.0,0.0,1.0,1.0,0.0,0.0,0.0,0.0,1.0,0.12639648467302322
771,1.0,1.0,0.0,1.0,1.0,0.0,1.0,1.0,1.0,1.0,0.1282884031534195
772,0.0,1.0,1.0,0.0,0.0,0.0,1.0,1.0,1.0,1.0,0.0722220279276371
773,0.0,0.0,0.0,1.0,0.0,1.0,1.0,0.0,1.0,0.0,0.06479886546730995
774,1.0,0.0,0.0,1.0,0.0,0.0,0.0,1.0,0.0,0.0,0.11903427168726921
775,1.0,1.0,1.0,1.0,0.0,0.0,0.0,1.0,0.0,0.0,0.1248583123087883
776,0.0,0.0,1.0,1.0,1.0,1.0,1.0,0.0,1.0,1.0,0.07484959810972214
777,1.0,1.0,0.0,0.0,0.0,1.0,0.0,0.0,1.0,1.0,0.12989164888858795
778,0.0,0.0,1.0,1.0,0.0,0.0,0.0,0.0,1.0,1.0,0.06496407277882099
779,0.0,0.0,0.0,0.0,1.0,0.0,1.0,1.0,0.0,0.0,0.015247558243572712
780,0.0,0.0,1.0,0.0,1.0,1.0,0.0,0.0,0.0,1.0,0.03686262480914593
781,1.0,1.0,1.0,1.0,0.0,1.0,1.0,0.0,1.0,1.0,0.13258761912584305
782,1.0,1.0,0.0,0.0,1.0,1.0,1.0,0.0,0.0,1.0,0.13122078776359558
783,0.0,0.0,0.0,0.0,0.0,0.0,1.0,0.0,0.0,1.0,0.02794775366783142
784,1.0,1.0,1.0,1.0,1.0,1.0,1.0,0.0,0.0,1.0,0.13287434726953506
785,1.0,1.0,1.0,1.0,1.0,1.0,1.0,0.0,1.0,0.0,0.13350573554635048
786,1.0,0.0,0.0,0.0,0.0,1.0,0.0,1.0,0.0,0.0,0.1233445517718792
787,1.0,0.0,1.0,0.0,1.0,0.0,0.0,1.0,1.0,0.0,0.12252471223473549
788,0.0,1.0,1.0,0.0,1.0,0.0,0.0,0.0,0.0,1.0,0.03249503020197153
789,0.0,0.0,0.0,1.0,1.0,0.0,1.0,0.0,0.0,1.0,0.031109804287552834
790,0.0,1.0,1.0,0.0,0.0,1.0,1.0,1.0,1.0,0.0,0.07189888134598732
791,0.0,1.0,0.0,1.0,0.0,0.0,1.0,1.0,0.0,0.0,0.028188354335725307
792,0.0,1.0,1.0,1.0,0.0,0.0,1.0,0.0,1.0,0.0,0.06533716805279255
793,1.0,1.0,0.0,1.0,0.0,0.0,0.0,0.0,1.0,0.0,0.12694091722369194
794,0.0,1.0,1.0,1.0,1.0,1.0,0.0,0.0,1.0,0.0,0.07135299779474735
795,1.0,1.0,0.0,0.0,0.0,1.0,1.0,1.0,0.0,0.0,0.12949549406766891
796,1.0,1.0,1.0,0.0,0.0,0.0,1.0,0.0,1.0,0.0,0.12824684008955956
797,0.0,0.0,0.0,0.0,0.0,0.0,0.0,1.0,1.0,1.0,0.06339094042778015
798,1.0,0.0,0.0,0.0,1.0,0.0,0.0,0.0,0.0,1.0,0.12108426541090012
799,1.0,1.0,0.0,1.0,0.0,1.0,0.0,1.0,1.0,1.0,0.1307905875146389
